pool	universe	strategy	modality	bottleneck_donor	btl_n_cells	btl_ll_gap	min_dist	mean_dist	kl_min	kl_mean
AFR_only__adversarial_mindist__rep1	AFR_only	adversarial_mindist	atac	HG01912	901	25.08577136514983	100.0	103.62320709228516	1.406992793083191	1.5040394067764282
AFR_only__adversarial_mindist__rep1	AFR_only	adversarial_mindist	gex	HG01912	822	9.698929440389294	100.0	103.62320709228516	1.406992793083191	1.5040394067764282
AFR_only__adversarial_mindist__rep2	AFR_only	adversarial_mindist	atac	NA19146	897	25.775484949832776	99.77975463867188	102.8152847290039	1.3821614980697632	1.4739065170288086
AFR_only__adversarial_mindist__rep2	AFR_only	adversarial_mindist	gex	NA19095	844	9.31563981042654	99.77975463867188	102.8152847290039	1.3821614980697632	1.4739065170288086
AFR_only__greedy_maxkl__rep2	AFR_only	greedy_maxkl	atac	NA18489	949	25.106965226554266	112.56553649902344	119.12351989746094	1.678526520729065	1.9357004165649412
AFR_only__greedy_maxkl__rep2	AFR_only	greedy_maxkl	gex	NA18499	861	9.565969802555168	112.56553649902344	119.12351989746094	1.678526520729065	1.9357004165649412
AFR_only__greedy_maxmean__rep1	AFR_only	greedy_maxmean	atac	HG02433	913	26.550941949616647	104.52751	120.43151	1.8868535	2.5124557
AFR_only__greedy_maxmean__rep1	AFR_only	greedy_maxmean	gex	HG02816	788	10.013261421319797	104.52751	120.43151	1.8868535	2.5124557
AFR_only__greedy_maxmean__rep2	AFR_only	greedy_maxmean	atac	NA20278	901	27.468790233074362	104.52751	120.3787	1.8868535	2.510661
AFR_only__greedy_maxmean__rep2	AFR_only	greedy_maxmean	gex	HG03136	834	9.671942446043165	104.52751	120.3787	1.8868535	2.510661
AFR_only__greedy_maxmean__rep3	AFR_only	greedy_maxmean	atac	HG02814	898	26.79816258351893	104.52751	120.66752	1.8868535	2.5218182
AFR_only__greedy_maxmean__rep3	AFR_only	greedy_maxmean	gex	HG02814	740	10.026716216216215	104.52751	120.66752	1.8868535	2.5218182
AFR_only__greedy_maxmin__rep1	AFR_only	greedy_maxmin	atac	HG01912	913	25.974063526834613	113.7717	120.03552	2.23535	2.492639
AFR_only__greedy_maxmin__rep1	AFR_only	greedy_maxmin	gex	NA19042	850	10.095976470588235	113.7717	120.03552	2.23535	2.492639
AFR_only__greedy_maxmin__rep3	AFR_only	greedy_maxmin	atac	HG02814	895	28.016022346368715	113.22986	119.63824	2.2141087	2.4764733
AFR_only__greedy_maxmin__rep3	AFR_only	greedy_maxmin	gex	HG02814	752	10.268377659574467	113.22986	119.63824	2.2141087	2.4764733
AFR_only__random__rep1	AFR_only	random	atac	HG03202	936	25.498707264957265	103.54226	109.27419	1.8514512	2.0638402
AFR_only__random__rep1	AFR_only	random	gex	HG03225	839	9.167747318235994	103.54226	109.27419	1.8514512	2.0638402
AFR_only__random__rep2	AFR_only	random	atac	HG02888	935	25.59543315508021	104.54664	109.404625	1.8875444	2.0680835
AFR_only__random__rep2	AFR_only	random	gex	HG03157	823	9.606707168894289	104.54664	109.404625	1.8875444	2.0680835
AMR_only__adversarial_mindist__rep2	AMR_only	adversarial_mindist	atac	HG01923	928	19.731681034482758	85.6913070678711	89.3214340209961	0.971569836139679	1.0805736780166626
AMR_only__adversarial_mindist__rep2	AMR_only	adversarial_mindist	gex	HG01923	891	6.698114478114479	85.6913070678711	89.3214340209961	0.971569836139679	1.0805736780166626
AMR_only__greedy_maxkl__rep1	AMR_only	greedy_maxkl	atac	HG02146	951	19.837234490010513	109.18791198730467	114.7220230102539	1.597160577774048	1.8280029296875
AMR_only__greedy_maxkl__rep1	AMR_only	greedy_maxkl	gex	HG02146	881	6.801089670828604	109.18791198730467	114.7220230102539	1.597160577774048	1.8280029296875
AMR_only__greedy_maxkl__rep3	AMR_only	greedy_maxkl	atac	HG02146	965	19.555077720207255	111.1080551147461	114.90013885498048	1.6879433393478394	1.8224447965621948
AMR_only__greedy_maxkl__rep3	AMR_only	greedy_maxkl	gex	HG02146	867	7.139734717416378	111.1080551147461	114.90013885498048	1.6879433393478394	1.8224447965621948
AMR_only__greedy_maxmean__rep1	AMR_only	greedy_maxmean	atac	HG01369	930	26.230172043010754	97.077286	116.93925	1.6274672	2.371815
AMR_only__greedy_maxmean__rep1	AMR_only	greedy_maxmean	gex	HG01369	857	8.74705950991832	97.077286	116.93925	1.6274672	2.371815
AMR_only__greedy_maxmean__rep3	AMR_only	greedy_maxmean	atac	HG01992	980	24.909142857142857	99.05049	117.412926	1.6942998	2.387746
AMR_only__greedy_maxmean__rep3	AMR_only	greedy_maxmean	gex	HG01950	846	9.15868794326241	99.05049	117.412926	1.6942998	2.387746
AMR_only__greedy_maxmin__rep1	AMR_only	greedy_maxmin	atac	NA19792	939	24.60647497337593	109.18791	114.72202	2.0588567	2.2761426
AMR_only__greedy_maxmin__rep1	AMR_only	greedy_maxmin	gex	HG01351	888	8.699132882882882	109.18791	114.72202	2.0588567	2.2761426
AMR_only__greedy_maxmin__rep2	AMR_only	greedy_maxmin	atac	NA19773	908	23.728370044052863	110.78357	115.70595	2.119472	2.3144867
AMR_only__greedy_maxmin__rep2	AMR_only	greedy_maxmin	gex	NA19773	801	8.786504369538077	110.78357	115.70595	2.119472	2.3144867
AMR_only__random__rep1	AMR_only	random	atac	HG01067	943	26.265334040296924	99.944984	108.27232	1.7250395	2.0282283
AMR_only__random__rep1	AMR_only	random	gex	HG01284	885	9.187977401129944	99.944984	108.27232	1.7250395	2.0282283
AMR_only__random__rep2	AMR_only	random	atac	NA19774	902	25.64988913525499	103.71596	107.51616	1.8576682	1.9972973
AMR_only__random__rep2	AMR_only	random	gex	HG01360	903	9.36359911406423	103.71596	107.51616	1.8576682	1.9972973
AMR_only__random__rep3	AMR_only	random	atac	HG02089	898	27.101815144766146	95.01053	108.602104	1.5589077	2.0433142
AMR_only__random__rep3	AMR_only	random	gex	HG01474	888	9.552815315315314	95.01053	108.602104	1.5589077	2.0433142
EAS_only__adversarial_mindist__rep1	EAS_only	adversarial_mindist	atac	HG01873	922	21.26882863340564	92.89779663085938	95.63932037353516	1.169398069381714	1.2518590688705444
EAS_only__adversarial_mindist__rep1	EAS_only	adversarial_mindist	gex	NA19066	827	7.681475211608222	92.89779663085938	95.63932037353516	1.169398069381714	1.2518590688705444
EAS_only__adversarial_mindist__rep3	EAS_only	adversarial_mindist	atac	NA18648	890	22.303707865168537	90.57593536376952	95.3362274169922	1.115867257118225	1.2524397373199463
EAS_only__adversarial_mindist__rep3	EAS_only	adversarial_mindist	gex	NA18648	707	7.595770862800566	90.57593536376952	95.3362274169922	1.115867257118225	1.2524397373199463
EAS_only__greedy_maxkl__rep2	EAS_only	greedy_maxkl	atac	HG00407	936	21.943141025641026	102.90287017822266	105.93866729736328	1.4526095390319824	1.5450935363769531
EAS_only__greedy_maxkl__rep2	EAS_only	greedy_maxkl	gex	NA19067	845	7.6833846153846155	102.90287017822266	105.93866729736328	1.4526095390319824	1.5450935363769531
EAS_only__greedy_maxkl__rep3	EAS_only	greedy_maxkl	atac	HG00407	935	21.818160427807488	104.01441955566406	107.6406021118164	1.4437906742095947	1.5713285207748413
EAS_only__greedy_maxkl__rep3	EAS_only	greedy_maxkl	gex	HG00410	841	7.837336504161712	104.01441955566406	107.6406021118164	1.4437906742095947	1.5713285207748413
EAS_only__greedy_maxmean__rep1	EAS_only	greedy_maxmean	atac	NA18989	918	21.945359477124182	101.04949	108.488594	1.7633773	2.0337481
EAS_only__greedy_maxmean__rep1	EAS_only	greedy_maxmean	gex	HG00525	814	7.56982800982801	101.04949	108.488594	1.7633773	2.0337481
EAS_only__greedy_maxmean__rep2	EAS_only	greedy_maxmean	atac	HG02383	925	22.29492972972973	101.862656	107.79176	1.7918719	2.0078135
EAS_only__greedy_maxmean__rep2	EAS_only	greedy_maxmean	gex	NA18562	847	7.590519480519481	101.862656	107.79176	1.7918719	2.0078135
EAS_only__greedy_maxmean__rep3	EAS_only	greedy_maxmean	atac	HG00982	905	22.066397790055248	102.86399	107.9199	1.8272742	2.012507
EAS_only__greedy_maxmean__rep3	EAS_only	greedy_maxmean	gex	HG00525	904	7.691393805309735	102.86399	107.9199	1.8272742	2.012507
EAS_only__greedy_maxmin__rep1	EAS_only	greedy_maxmin	atac	HG00475	944	21.659703389830508	105.17604	108.05689	1.9103398	2.0170093
EAS_only__greedy_maxmin__rep1	EAS_only	greedy_maxmin	gex	HG02383	815	8.01114110429448	105.17604	108.05689	1.9103398	2.0170093
EAS_only__greedy_maxmin__rep2	EAS_only	greedy_maxmin	atac	NA19067	899	22.435406006674082	102.90287	105.93867	1.8286557	1.9388591
EAS_only__greedy_maxmin__rep2	EAS_only	greedy_maxmin	gex	NA19067	858	7.855967365967366	102.90287	105.93867	1.8286557	1.9388591
EAS_only__random__rep1	EAS_only	random	atac	HG02122	929	21.42471474703983	98.48858	100.94222	1.6751306	1.760454
EAS_only__random__rep1	EAS_only	random	gex	HG02122	873	7.762474226804124	98.48858	100.94222	1.6751306	1.760454
EAS_only__random__rep2	EAS_only	random	atac	HG01801	913	23.265224534501645	95.77578	100.570946	1.5841211	1.7477361
EAS_only__random__rep2	EAS_only	random	gex	NA19060	867	8.005697808535178	95.77578	100.570946	1.5841211	1.7477361
EUR_AFR__adversarial_family_mixed__rep1	EUR_AFR	adversarial_family_mixed	atac	NA10838	889	13.211833520809899	74.20242309570312	108.13706970214844	0.7649052739143372	1.6871192455291748
EUR_AFR__adversarial_family_mixed__rep1	EUR_AFR	adversarial_family_mixed	gex	NA10838	796	4.800879396984925	74.20242309570312	108.13706970214844	0.7649052739143372	1.6871192455291748
EUR_AFR__adversarial_family_mixed__rep2	EUR_AFR	adversarial_family_mixed	atac	NA12877	895	13.206435754189945	75.80896759033203	107.3395004272461	0.8036584258079529	1.6687061786651611
EUR_AFR__adversarial_family_mixed__rep2	EUR_AFR	adversarial_family_mixed	gex	NA12877	795	5.122050314465409	75.80896759033203	107.3395004272461	0.8036584258079529	1.6687061786651611
EUR_AFR__adversarial_family_mixed__rep3	EUR_AFR	adversarial_family_mixed	atac	NA10860	892	13.078385650224215	74.65252685546875	109.64427947998048	0.782111644744873	1.737396478652954
EUR_AFR__adversarial_family_mixed__rep3	EUR_AFR	adversarial_family_mixed	gex	NA10860	818	4.8993398533007335	74.65252685546875	109.64427947998048	0.782111644744873	1.737396478652954
EUR_AFR__adversarial_mindist__rep3	EUR_AFR	adversarial_mindist	atac	NA19210	892	25.759125560538116	101.38540649414062	103.82488250732422	1.398493766784668	1.4899033308029177
EUR_AFR__adversarial_mindist__rep3	EUR_AFR	adversarial_mindist	gex	HG02973	838	10.003198090692125	101.38540649414062	103.82488250732422	1.398493766784668	1.4899033308029177
EUR_AFR__ancestry_balanced__rep1	EUR_AFR	ancestry_balanced	atac	NA07435	945	26.077925925925925	102.610916	115.37739	1.8182942	2.309016
EUR_AFR__ancestry_balanced__rep1	EUR_AFR	ancestry_balanced	gex	NA12891	888	9.610236486486485	102.610916	115.37739	1.8182942	2.309016
EUR_AFR__ancestry_balanced__rep3	EUR_AFR	ancestry_balanced	atac	HG01896	915	26.868655737704916	103.43114	115.73577	1.8474793	2.3245277
EUR_AFR__ancestry_balanced__rep3	EUR_AFR	ancestry_balanced	gex	HG02232	819	9.32010989010989	103.43114	115.73577	1.8474793	2.3245277
EUR_AFR__greedy_maxmean__rep1	EUR_AFR	greedy_maxmean	atac	HG00096	936	27.289690170940172	111.754196	125.613	2.1567743	2.735348
EUR_AFR__greedy_maxmean__rep1	EUR_AFR	greedy_maxmean	gex	HG00096	874	10.001556064073228	111.754196	125.613	2.1567743	2.735348
EUR_AFR__greedy_maxmean__rep2	EUR_AFR	greedy_maxmean	atac	HG00117	931	26.138023630504833	109.128365	124.636955	2.0566115	2.6937842
EUR_AFR__greedy_maxmean__rep2	EUR_AFR	greedy_maxmean	gex	HG00096	857	9.951166861143523	109.128365	124.636955	2.0566115	2.6937842
EUR_AFR__greedy_maxmean__rep3	EUR_AFR	greedy_maxmean	atac	NA12282	967	27.30145811789038	110.054535	125.45805	2.0916684	2.7302349
EUR_AFR__greedy_maxmean__rep3	EUR_AFR	greedy_maxmean	gex	NA12282	896	9.817433035714286	110.054535	125.45805	2.0916684	2.7302349
EUR_AFR__greedy_maxmin__rep1	EUR_AFR	greedy_maxmin	atac	HG02977	939	26.573173588924387	114.328476	122.84393	2.257282	2.6146286
EUR_AFR__greedy_maxmin__rep1	EUR_AFR	greedy_maxmin	gex	HG01628	862	10.518781902552204	114.328476	122.84393	2.257282	2.6146286
EUR_AFR__greedy_maxmin__rep3	EUR_AFR	greedy_maxmin	atac	NA12282	966	26.856024844720494	114.82596	123.18687	2.2769692	2.6287215
EUR_AFR__greedy_maxmin__rep3	EUR_AFR	greedy_maxmin	gex	HG00358	890	9.922955056179775	114.82596	123.18687	2.2769692	2.6287215
EUR_AFR__random__rep1	EUR_AFR	random	atac	NA19035	894	27.783243847874722	98.35649	112.82521	1.6706406	2.213658
EUR_AFR__random__rep1	EUR_AFR	random	gex	NA20532	831	10.114296028880865	98.35649	112.82521	1.6706406	2.213658
EUR_EAS__ancestry_balanced__rep1	EUR_EAS	ancestry_balanced	atac	HG01817	923	24.19827735644637	97.36529	110.09422	1.6371381	2.099754
EUR_EAS__ancestry_balanced__rep1	EUR_EAS	ancestry_balanced	gex	NA12749	869	8.666731875719218	97.36529	110.09422	1.6371381	2.099754
EUR_EAS__ancestry_balanced__rep2	EUR_EAS	ancestry_balanced	atac	NA20811	932	24.662296137339055	98.44795	109.95892	1.6737492	2.095221
EUR_EAS__ancestry_balanced__rep2	EUR_EAS	ancestry_balanced	gex	NA18526	866	8.652170900692841	98.44795	109.95892	1.6737492	2.095221
EUR_EAS__greedy_maxmean__rep1	EUR_EAS	greedy_maxmean	atac	HG00256	894	24.538736017897094	107.912	119.48134	2.0110204	2.4725697
EUR_EAS__greedy_maxmean__rep1	EUR_EAS	greedy_maxmean	gex	HG00256	817	9.046376988984088	107.912	119.48134	2.0110204	2.4725697
EUR_EAS__greedy_maxmean__rep2	EUR_EAS	greedy_maxmean	atac	NA20769	915	24.689846994535518	103.39729	118.65934	1.8462703	2.4411514
EUR_EAS__greedy_maxmean__rep2	EUR_EAS	greedy_maxmean	gex	HG00096	870	9.072620689655173	103.39729	118.65934	1.8462703	2.4411514
EUR_EAS__greedy_maxmin__rep1	EUR_EAS	greedy_maxmin	atac	HG01781	920	25.151141304347824	110.63905	116.75554	2.113946	2.3574567
EUR_EAS__greedy_maxmin__rep1	EUR_EAS	greedy_maxmin	gex	HG01781	879	8.770773606370875	110.63905	116.75554	2.113946	2.3574567
EUR_EAS__greedy_maxmin__rep2	EUR_EAS	greedy_maxmin	atac	HG01781	941	25.204378320935174	109.49429	113.50211	2.0704272	2.226271
EUR_EAS__greedy_maxmin__rep2	EUR_EAS	greedy_maxmin	gex	HG00525	882	9.02967120181406	109.49429	113.50211	2.0704272	2.226271
EUR_EAS__random__rep1	EUR_EAS	random	atac	NA18582	905	23.241834254143647	99.50377	109.29115	1.7098422	2.0664551
EUR_EAS__random__rep1	EUR_EAS	random	gex	NA18582	813	8.108610086100862	99.50377	109.29115	1.7098422	2.0664551
EUR_EAS__random__rep2	EUR_EAS	random	atac	HG00689	933	23.73384780278671	93.28451	108.98568	1.5027822	2.060164
EUR_EAS__random__rep2	EUR_EAS	random	gex	NA19087	888	8.46429054054054	93.28451	108.98568	1.5027822	2.060164
EUR_EAS__random__rep3	EUR_EAS	random	atac	HG00684	941	22.113846971307122	100.76209	110.09599	1.7533611	2.0991127
EUR_EAS__random__rep3	EUR_EAS	random	gex	NA18562	803	7.894196762141967	100.76209	110.09599	1.7533611	2.0991127
EUR_only__adversarial_family__rep1	EUR_only	adversarial_family	atac	NA10838	900	12.969533333333333	74.20242309570312	101.90351104736328	0.7649052739143372	1.4536033868789673
EUR_only__adversarial_family__rep1	EUR_only	adversarial_family	gex	NA10838	824	4.742269417475728	74.20242309570312	101.90351104736328	0.7649052739143372	1.4536033868789673
EUR_only__adversarial_family__rep2	EUR_only	adversarial_family	atac	NA12877	885	12.869627118644068	75.80896759033203	101.97260284423828	0.8036584258079529	1.458475947380066
EUR_only__adversarial_family__rep2	EUR_only	adversarial_family	gex	NA12877	797	5.0409661229611045	75.80896759033203	101.97260284423828	0.8036584258079529	1.458475947380066
EUR_only__adversarial_family__rep3	EUR_only	adversarial_family	atac	NA10860	884	13.328902714932127	74.65252685546875	102.5333023071289	0.782111644744873	1.4711860418319702
EUR_only__adversarial_family__rep3	EUR_only	adversarial_family	gex	NA10861	907	4.95941565600882	74.65252685546875	102.5333023071289	0.782111644744873	1.4711860418319702
EUR_only__adversarial_mindist__rep1	EUR_only	adversarial_mindist	atac	HG00357	930	23.138440860215052	96.70574188232422	99.81437683105467	1.262070655822754	1.3686530590057373
EUR_only__adversarial_mindist__rep1	EUR_only	adversarial_mindist	gex	NA12761	856	8.466051401869159	96.70574188232422	99.81437683105467	1.262070655822754	1.3686530590057373
EUR_only__adversarial_mindist__rep2	EUR_only	adversarial_mindist	atac	NA12718	905	22.842983425414367	95.7757797241211	99.21085357666016	1.2756993770599363	1.37679922580719
EUR_only__adversarial_mindist__rep2	EUR_only	adversarial_mindist	gex	NA20818	840	7.9779880952380955	95.7757797241211	99.21085357666016	1.2756993770599363	1.37679922580719
EUR_only__greedy_maxkl__rep1	EUR_only	greedy_maxkl	atac	HG00100	928	23.88394396551724	109.31148529052734	112.7927017211914	1.6305500268936155	1.733123779296875
EUR_only__greedy_maxkl__rep1	EUR_only	greedy_maxkl	gex	HG00101	869	7.904315304948216	109.31148529052734	112.7927017211914	1.6305500268936155	1.733123779296875
EUR_only__greedy_maxkl__rep2	EUR_only	greedy_maxkl	atac	HG00100	931	23.04796992481203	109.9408950805664	113.56157684326172	1.6378905773162842	1.780522346496582
EUR_only__greedy_maxkl__rep2	EUR_only	greedy_maxkl	gex	HG00101	846	8.200756501182033	109.9408950805664	113.56157684326172	1.6378905773162842	1.780522346496582
EUR_only__greedy_maxkl__rep3	EUR_only	greedy_maxkl	atac	HG00100	923	23.3814301191766	110.19074249267578	113.52216339111328	1.605998396873474	1.752708077430725
EUR_only__greedy_maxkl__rep3	EUR_only	greedy_maxkl	gex	HG00101	860	7.659093023255814	110.19074249267578	113.52216339111328	1.605998396873474	1.752708077430725
EUR_only__greedy_maxmean__rep1	EUR_only	greedy_maxmean	atac	HG00106	899	24.507975528364852	108.64622	114.11996	2.0384786	2.250664
EUR_only__greedy_maxmean__rep1	EUR_only	greedy_maxmean	gex	HG00108	886	8.697088036117382	108.64622	114.11996	2.0384786	2.250664
EUR_only__greedy_maxmean__rep3	EUR_only	greedy_maxmean	atac	HG01781	931	24.764822771213748	108.04166	113.97461	2.0158558	2.245107
EUR_only__greedy_maxmean__rep3	EUR_only	greedy_maxmean	gex	HG01781	879	8.401296928327644	108.04166	113.97461	2.0158558	2.245107
EUR_only__greedy_maxmin__rep1	EUR_only	greedy_maxmin	atac	HG00108	930	25.04220430107527	109.311485	112.7927	2.0635195	2.1981466
EUR_only__greedy_maxmin__rep1	EUR_only	greedy_maxmin	gex	HG00282	866	9.022609699769053	109.311485	112.7927	2.0635195	2.1981466
EUR_only__greedy_maxmin__rep3	EUR_only	greedy_maxmin	atac	HG02233	929	24.024058127018296	110.19074	113.52216	2.0968492	2.2269123
EUR_only__greedy_maxmin__rep3	EUR_only	greedy_maxmin	gex	NA20792	868	8.344078341013825	110.19074	113.52216	2.0968492	2.2269123
EUR_only__random__rep1	EUR_only	random	atac	NA20803	900	23.777955555555554	101.336075	106.89171	1.7733938	1.9739898
EUR_only__random__rep1	EUR_only	random	gex	HG01781	879	8.591444823663254	101.336075	106.89171	1.7733938	1.9739898
EUR_only__random__rep2	EUR_only	random	atac	NA20807	902	23.373614190687363	100.68764	105.131065	1.7507707	1.9097849
EUR_only__random__rep2	EUR_only	random	gex	NA20753	842	8.72685273159145	100.68764	105.131065	1.7507707	1.9097849
EUR_only__random__rep3	EUR_only	random	atac	HG00331	949	22.489715489989464	98.45303	104.22318	1.6739218	1.8773739
EUR_only__random__rep3	EUR_only	random	gex	HG01785	901	7.9579911209766925	98.45303	104.22318	1.6739218	1.8773739
SAS_only__adversarial_mindist__rep2	SAS_only	adversarial_mindist	atac	HG04173	900	25.389533333333336	99.48869323730467	101.62850189208984	1.3709405660629272	1.434191107749939
SAS_only__adversarial_mindist__rep2	SAS_only	adversarial_mindist	gex	HG04153	861	8.560499419279907	99.48869323730467	101.62850189208984	1.3709405660629272	1.434191107749939
SAS_only__greedy_maxkl__rep1	SAS_only	greedy_maxkl	atac	HG04216	889	25.412047244094488	114.44212341308594	123.1100082397461	1.7993216514587402	2.0306551456451416
SAS_only__greedy_maxkl__rep1	SAS_only	greedy_maxkl	gex	HG04017	908	9.02272026431718	114.44212341308594	123.1100082397461	1.7993216514587402	2.0306551456451416
SAS_only__greedy_maxmean__rep1	SAS_only	greedy_maxmean	atac	HG02597	895	25.157340782122905	113.26959	123.90059	2.2156625	2.6552427
SAS_only__greedy_maxmean__rep1	SAS_only	greedy_maxmean	gex	HG04075	865	9.235676300578035	113.26959	123.90059	2.2156625	2.6552427
SAS_only__greedy_maxmin__rep1	SAS_only	greedy_maxmin	atac	HG02597	887	25.44517474633596	114.44212	123.11001	2.261772	2.62129
SAS_only__greedy_maxmin__rep1	SAS_only	greedy_maxmin	gex	HG04075	831	8.960120336943442	114.44212	123.11001	2.261772	2.62129
SAS_only__greedy_maxmin__rep2	SAS_only	greedy_maxmin	atac	HG03738	938	25.85670575692964	113.37989	121.64693	2.21998	2.5607607
SAS_only__greedy_maxmin__rep2	SAS_only	greedy_maxmin	gex	HG03738	861	9.350243902439026	113.37989	121.64693	2.21998	2.5607607
SAS_only__greedy_maxmin__rep3	SAS_only	greedy_maxmin	atac	HG03684	907	25.44718853362734	113.19894	121.54801	2.2128997	2.5560174
SAS_only__greedy_maxmin__rep3	SAS_only	greedy_maxmin	gex	HG04075	860	8.815651162790697	113.19894	121.54801	2.2128997	2.5560174
SAS_only__random__rep1	SAS_only	random	atac	HG03850	932	24.735922746781117	104.3312	108.39236	1.879773	2.029949
SAS_only__random__rep1	SAS_only	random	gex	NA21116	835	8.988646706586827	104.3312	108.39236	1.879773	2.029949
SAS_only__random__rep2	SAS_only	random	atac	HG03705	937	23.604076840981858	100.48383	106.14516	1.7436903	1.9468399
SAS_only__random__rep2	SAS_only	random	gex	HG03806	881	8.138308740068105	100.48383	106.14516	1.7436903	1.9468399
SAS_only__random__rep3	SAS_only	random	atac	HG03705	944	24.107531779661016	103.06309	106.47886	1.8343545	1.9585029
SAS_only__random__rep3	SAS_only	random	gex	HG03705	887	8.3171702367531	103.06309	106.47886	1.8343545	1.9585029
all_3_major__ancestry_balanced__rep1	all_3_major	ancestry_balanced	atac	NA18970	932	26.864077253218884	99.46356	117.08857	1.7084607	2.3773599
all_3_major__ancestry_balanced__rep1	all_3_major	ancestry_balanced	gex	HG00149	874	9.490652173913043	99.46356	117.08857	1.7084607	2.3773599
all_3_major__greedy_maxmean__rep1	all_3_major	greedy_maxmean	atac	HG00126	915	26.91158469945355	109.15585	127.40916	2.057648	2.8152928
all_3_major__greedy_maxmean__rep1	all_3_major	greedy_maxmean	gex	HG00525	887	9.804408117249155	109.15585	127.40916	2.057648	2.8152928
all_3_major__greedy_maxmin__rep1	all_3_major	greedy_maxmin	atac	HG00358	927	27.410539374325783	113.63978	124.889465	2.2301688	2.7020056
all_3_major__greedy_maxmin__rep1	all_3_major	greedy_maxmin	gex	HG00096	873	10.126334478808706	113.63978	124.889465	2.2301688	2.7020056
all_3_major__greedy_maxmin__rep2	all_3_major	greedy_maxmin	atac	NA19042	939	27.219542066027692	115.41231	123.96844	2.3002825	2.6629581
all_3_major__greedy_maxmin__rep2	all_3_major	greedy_maxmin	gex	NA19042	860	10.460255813953488	115.41231	123.96844	2.3002825	2.6629581
all_3_major__greedy_maxmin__rep3	all_3_major	greedy_maxmin	atac	NA19042	945	27.739968253968254	115.16944	123.1001	2.2906117	2.6237695
all_3_major__greedy_maxmin__rep3	all_3_major	greedy_maxmin	gex	NA19042	844	11.135154028436018	115.16944	123.1001	2.2906117	2.6237695
all_3_major__random__rep1	all_3_major	random	atac	NA18873	885	26.700485875706214	101.61693	115.1162	1.7832371	2.3013866
all_3_major__random__rep1	all_3_major	random	gex	NA18873	812	10.106625615763546	101.61693	115.1162	1.7832371	2.3013866
all_3_major__random__rep3	all_3_major	random	atac	NA18855	898	27.442906458797328	90.6587	114.803894	1.4193711	2.2981856
all_3_major__random__rep3	all_3_major	random	gex	HG01781	856	10.45836448598131	90.6587	114.803894	1.4193711	2.2981856
all_5__ancestry_balanced__rep1	all_5	ancestry_balanced	atac	HG03846	904	25.770586283185843	108.20813	116.167114	2.0220728	2.3377388
all_5__ancestry_balanced__rep1	all_5	ancestry_balanced	gex	HG03846	808	9.589282178217822	108.20813	116.167114	2.0220728	2.3377388
all_5__ancestry_balanced__rep2	all_5	ancestry_balanced	atac	HG02061	900	26.048666666666666	102.38652	113.70307	1.8103502	2.2424178
all_5__ancestry_balanced__rep2	all_5	ancestry_balanced	gex	HG02061	825	9.936569696969697	102.38652	113.70307	1.8103502	2.2424178
all_5__greedy_maxmean__rep1	all_5	greedy_maxmean	atac	HG03837	945	28.79047619047619	116.47746	130.41243	2.3429382	2.946183
all_5__greedy_maxmean__rep1	all_5	greedy_maxmean	gex	HG04152	860	10.133081395348839	116.47746	130.41243	2.3429382	2.946183
all_5__greedy_maxmin__rep1	all_5	greedy_maxmin	atac	NA18986	915	28.468273224043717	118.321594	128.70529	2.4177144	2.8690188
all_5__greedy_maxmin__rep1	all_5	greedy_maxmin	gex	HG01102	894	10.024161073825503	118.321594	128.70529	2.4177144	2.8690188
all_5__random__rep1	all_5	random	atac	HG00531	945	23.8401164021164	100.12492	111.40792	1.7312565	2.1506064
all_5__random__rep1	all_5	random	gex	HG01029	851	8.777614571092831	100.12492	111.40792	1.7312565	2.1506064
