universe	strategy	rep	pool	min_dist	mean_dist	max_dist	entropy_mean	entropy_p25	frac_discrim	kl_min	kl_mean	log_det
EUR_only	random	0	[np.int64(45), np.int64(2262), np.int64(3023), np.int64(2236), np.int64(715), np.int64(719), np.int64(46), np.int64(2313)]	100.6628	105.62803	112.30316	0.55819714	0.37677017	0.79525	1.7499073	1.928189	-8.17219481726276
EUR_only	greedy_maxmin	0	[46, 136, 0, 19, 717, 3046, 786, 3001]	108.54492	112.164635	116.41735	0.5761147	0.37677017	0.79925	2.0346794	2.1738274	-7.3125940964563805
EUR_only	greedy_maxmean	0	[46, 136, 19, 717, 163, 786, 0, 2164]	107.46627	113.43661	121.5648	0.57960427	0.37677017	0.80195	1.9944417	2.2245317	-7.210963616198605
EUR_only	greedy_maxkl	0	[46, 0, 1, 2, 3, 4, 5, 6]	100.5286	105.46116	113.96052	0.54915804	0.37677017	0.7879	1.7452445	1.9228603	-8.15180455699127
EUR_only	random	1	[np.int64(3078), np.int64(2238), np.int64(57), np.int64(8), np.int64(728), np.int64(786), np.int64(2234), np.int64(11)]	101.336075	106.89171	112.75638	0.5613331	0.37677017	0.7979	1.7733938	1.9739898	-7.941575441529068
EUR_only	greedy_maxmin	1	[8, 163, 717, 10, 2248, 2264, 37, 3001]	109.311485	112.7927	121.5648	0.57655394	0.37677017	0.80865	2.0635195	2.1981466	-7.253319588948834
EUR_only	greedy_maxmean	1	[8, 163, 717, 19, 2235, 10, 0, 3034]	108.64622	114.11996	121.5648	0.57457376	0.37677017	0.7917	2.0384786	2.250664	-7.054624897822733
EUR_only	greedy_maxkl	1	[8, 0, 1, 2, 3, 4, 5, 6]	100.5286	105.74945	113.96052	0.5495861	0.37677017	0.7797	1.7452445	1.9332157	-8.091851495494918
EUR_only	random	2	[np.int64(2284), np.int64(704), np.int64(3028), np.int64(3064), np.int64(44), np.int64(719), np.int64(66), np.int64(177)]	100.68764	105.131065	109.73149	0.55310994	0.37677017	0.79205	1.7507707	1.9097849	-8.219710693407318
EUR_only	greedy_maxmin	2	[2291, 717, 2264, 163, 158, 2235, 0, 3034]	109.940895	113.56158	121.5648	0.58302975	0.37677017	0.79935	2.0873513	2.228251	-7.152724057890589
EUR_only	greedy_maxmean	2	[2291, 717, 163, 0, 3034, 10, 2235, 19]	106.0943	113.955765	121.5648	0.57648987	0.37677017	0.79255	1.9438425	2.2443547	-7.086869931872184
EUR_only	greedy_maxkl	2	[2291, 0, 1, 2, 3, 4, 5, 6]	100.5286	105.65342	113.96052	0.54709667	0.37677017	0.78265	1.7452445	1.9297187	-8.102315129252084
EUR_only	random	3	[np.int64(2290), np.int64(2320), np.int64(24), np.int64(72), np.int64(81), np.int64(62), np.int64(744), np.int64(2179)]	98.45303	104.22318	112.138306	0.54441965	0.37677017	0.7816	1.6739218	1.8773739	-8.351847493264229
EUR_only	greedy_maxmin	3	[2328, 0, 117, 19, 10, 163, 3023, 717]	110.19074	113.52216	121.5648	0.57541436	0.37677017	0.7926	2.0968492	2.2269123	-7.145489262685577
EUR_only	greedy_maxmean	3	[2328, 0, 163, 717, 19, 10, 3034, 2334]	108.04166	113.97461	121.5648	0.57702845	0.37677017	0.7903	2.0158558	2.245107	-7.089604918723708
EUR_only	greedy_maxkl	3	[2328, 0, 1, 2, 3, 4, 5, 6]	100.5286	106.33598	113.96052	0.5496303	0.37677017	0.783	1.7452445	1.9548889	-8.02148271932943
EUR_only	random	4	[np.int64(2330), np.int64(69), np.int64(52), np.int64(794), np.int64(709), np.int64(2182), np.int64(151), np.int64(3034)]	98.98485	107.09709	111.99107	0.5587748	0.37677017	0.7951	1.6920546	1.9821745	-7.97243037566408
EUR_only	greedy_maxmin	4	[1076, 0, 2318, 786, 3034, 2235, 163, 3046]	108.0833	111.85364	118.95377	0.56884915	0.37677017	0.7873	2.01741	2.161918	-7.321151559009738
EUR_only	greedy_maxmean	4	[1076, 0, 163, 717, 3034, 10, 2235, 19]	106.51291	113.40438	121.5648	0.5721387	0.37677017	0.7909	1.9592123	2.2234218	-7.168711034383724
EUR_only	greedy_maxkl	4	[1076, 0, 1, 2, 3, 4, 5, 6]	96.60228	105.03442	113.96052	0.54215616	0.37677017	0.7778	1.6115795	1.9081442	-8.20676761973074
AFR_only	random	0	[np.int64(1189), np.int64(2638), np.int64(2781), np.int64(2494), np.int64(1609), np.int64(1613), np.int64(1192), np.int64(2710)]	105.3423	108.43327	112.969025	0.57976097	0.37677017	0.82765	1.9163842	2.0313492	-7.643556401884652
AFR_only	greedy_maxmin	0	[1193, 1482, 2972, 1046, 1325, 2808, 1554, 2862]	112.658775	118.546745	134.17154	0.62685144	0.37677017	0.87285	2.1918309	2.4319494	-6.588175728874687
AFR_only	greedy_maxmean	0	[1193, 1482, 2972, 1325, 2949, 2959, 1583, 1415]	104.52751	120.176094	134.17154	0.64015627	0.37677017	0.88835	1.8868535	2.5015883	-6.546618915438169
AFR_only	random	1	[np.int64(2964), np.int64(2496), np.int64(1208), np.int64(871), np.int64(1633), np.int64(1701), np.int64(2492), np.int64(935)]	103.54226	109.27419	115.11733	0.5911154	0.37677017	0.84955	1.8514512	2.0638402	-7.624309275955844
AFR_only	greedy_maxmin	1	[871, 2972, 1482, 2978, 1539, 1325, 2861, 2602]	113.7717	120.03552	134.17154	0.6375742	0.37677017	0.8879	2.23535	2.492639	-6.486302290306389
AFR_only	greedy_maxmean	1	[871, 2972, 1482, 1325, 2959, 1539, 2949, 2956]	104.52751	120.43151	134.17154	0.6420495	0.37677017	0.89975	1.8868535	2.5124557	-6.55073342059264
AFR_only	random	2	[np.int64(2671), np.int64(1597), np.int64(2788), np.int64(2939), np.int64(1189), np.int64(1613), np.int64(1226), np.int64(1526)]	104.54664	109.404625	112.8273	0.5890972	0.37677017	0.83555	1.8875444	2.0680835	-7.56969739482094
AFR_only	greedy_maxmin	2	[2679, 2972, 1482, 2956, 1325, 2861, 2955, 951]	112.56554	119.12352	134.17154	0.63851935	0.37677017	0.88895	2.1882045	2.4558182	-6.606960077353069
AFR_only	greedy_maxmean	2	[2679, 2972, 1482, 1325, 2956, 1415, 2959, 1260]	104.52751	120.3787	134.17154	0.64346427	0.37677017	0.89325	1.8868535	2.510661	-6.554143878863125
AFR_only	random	3	[np.int64(2679), np.int64(2719), np.int64(1023), np.int64(1244), np.int64(1259), np.int64(1215), np.int64(1652), np.int64(1766)]	102.66937	106.53491	111.09455	0.56789523	0.37677017	0.8113	1.8203664	1.9610008	-7.861785001807753
AFR_only	greedy_maxmin	3	[2727, 2972, 1325, 2978, 2861, 1415, 1482, 2955]	113.22986	119.63824	134.17154	0.6357865	0.37677017	0.88175	2.2141087	2.4764733	-6.53898873568429
AFR_only	greedy_maxmean	3	[2727, 2972, 1482, 1325, 2959, 1415, 2956, 2949]	104.52751	120.66752	134.17154	0.6405679	0.37677017	0.8917	1.8868535	2.5218182	-6.508917657197307
AFR_only	random	4	[np.int64(2731), np.int64(1239), np.int64(1200), np.int64(1714), np.int64(1603), np.int64(2341), np.int64(1465), np.int64(2797)]	105.1903	107.51738	110.19982	0.57282746	0.37677017	0.81535	1.910858	1.9966313	-7.723826586384232
AFR_only	greedy_maxmin	4	[1718, 2972, 2978, 2861, 1482, 1325, 1667, 1226]	111.83917	118.85982	134.17154	0.6364728	0.37677017	0.8826	2.1600552	2.4451482	-6.624671513448303
AFR_only	greedy_maxmean	4	[1718, 2972, 1482, 1325, 2959, 1260, 2956, 1415]	104.52751	120.12274	134.17154	0.6419717	0.37677017	0.8938	1.8868535	2.500626	-6.597107349024223
EAS_only	random	0	[np.int64(248), np.int64(2418), np.int64(2545), np.int64(2392), np.int64(1006), np.int64(1009), np.int64(251), np.int64(2452)]	95.015785	99.718925	104.302444	0.49612603	-0.0	0.70785	1.5590806	1.7185509	-8.715422838983399
EAS_only	greedy_maxmin	0	[251, 2564, 1056, 239, 996, 226, 2539, 842]	104.63747	107.70982	111.8794	0.5275751	-0.0	0.72675	1.8908254	2.004051	-7.661895953236823
EAS_only	greedy_maxmean	0	[251, 2564, 239, 1056, 847, 226, 1093, 2559]	102.698586	108.46175	111.691536	0.5306361	-0.0	0.72605	1.8214025	2.0323603	-7.565869866687726
EAS_only	greedy_maxkl	0	[251, 185, 186, 188, 189, 191, 192, 193]	97.29851	101.5921	106.174385	0.5111777	-0.0	0.72295	1.6348931	1.7832558	-8.486762663369907
EAS_only	random	1	[np.int64(2617), np.int64(2394), np.int64(270), np.int64(194), np.int64(1028), np.int64(1156), np.int64(2391), np.int64(200)]	98.48858	100.94222	107.05606	0.5044997	-0.0	0.7251	1.6751306	1.760454	-8.574234820054851
EAS_only	greedy_maxmin	1	[196, 2564, 239, 2559, 1093, 842, 1056, 192]	105.17604	108.05689	111.691536	0.5280466	-0.0	0.7261	1.9103398	2.0170093	-7.611580970076637
EAS_only	greedy_maxmean	1	[196, 2564, 239, 1093, 1167, 2539, 226, 847]	101.04949	108.488594	113.238686	0.5292224	-0.0	0.72445	1.7633773	2.0337481	-7.57851664387431
EAS_only	greedy_maxkl	1	[196, 185, 186, 188, 189, 191, 192, 193]	97.29851	101.53634	106.174385	0.5079641	-0.0	0.7255	1.6348931	1.7813438	-8.48633202662042
EAS_only	random	2	[np.int64(2433), np.int64(996), np.int64(2550), np.int64(2604), np.int64(248), np.int64(1009), np.int64(283), np.int64(835)]	95.77578	100.570946	104.9619	0.50383395	-0.0	0.7265	1.5841211	1.7477361	-8.621733019241017
EAS_only	greedy_maxmin	2	[2439, 2574, 827, 1093, 2577, 1167, 688, 985]	102.90287	105.93867	111.153046	0.5254682	-0.0	0.7362	1.8286557	1.9388591	-7.929656433176399
EAS_only	greedy_maxmean	2	[2439, 2574, 827, 239, 2564, 1093, 1167, 226]	101.862656	107.79176	113.238686	0.5299936	-0.0	0.7299	1.7918719	2.0078135	-7.683294837283298
EAS_only	greedy_maxkl	2	[2439, 185, 186, 188, 189, 191, 192, 193]	96.514244	100.940384	106.174385	0.50728756	-0.0	0.7216	1.6086437	1.7605156	-8.570481778752708
EAS_only	random	3	[np.int64(2438), np.int64(2457), np.int64(220), np.int64(293), np.int64(304), np.int64(277), np.int64(1042), np.int64(1235)]	95.362465	99.90853	105.441925	0.5040142	-0.0	0.71745	1.5704783	1.7246386	-8.720330089167199
EAS_only	greedy_maxmin	3	[2462, 1056, 688, 2564, 1093, 239, 827, 2630]	104.01442	107.6406	111.691536	0.529503	-0.0	0.72585	1.8683752	2.0016396	-7.673004338915399
EAS_only	greedy_maxmean	3	[2462, 1056, 2626, 239, 2564, 1167, 192, 827]	102.86399	107.9199	113.238686	0.5296909	-0.0	0.72915	1.8272742	2.012507	-7.658126043836609
EAS_only	greedy_maxkl	3	[2462, 185, 186, 188, 189, 191, 192, 193]	97.29851	101.2111	106.174385	0.50824	-0.0	0.72405	1.6348931	1.7698966	-8.528094506972659
EAS_only	random	4	[np.int64(2463), np.int64(287), np.int64(264), np.int64(1163), np.int64(1002), np.int64(2366), np.int64(810), np.int64(2557)]	96.11452	101.19325	105.75443	0.50922257	-0.0	0.72125	1.5953463	1.7695019	-8.55330726844609
EAS_only	greedy_maxmin	4	[1167, 2564, 239, 1093, 226, 827, 2539, 2553]	105.91034	108.7942	113.238686	0.53455883	-0.0	0.7291	1.9371074	2.0446959	-7.547630307518744
EAS_only	greedy_maxmean	4	[1167, 2564, 239, 2397, 997, 1093, 827, 226]	102.469505	108.58836	113.238686	0.53366756	-0.0	0.73335	1.813286	2.0372574	-7.584661000919958
EAS_only	greedy_maxkl	4	[1167, 185, 186, 188, 189, 191, 192, 193]	97.29851	102.10685	109.032104	0.5090157	-0.0	0.72195	1.6348931	1.8016539	-8.414111624867346
SAS_only	random	0	[np.int64(1367), np.int64(2088), np.int64(3126), np.int64(2061), np.int64(1939), np.int64(1942), np.int64(1383), np.int64(2134)]	100.72239	104.40815	106.78951	0.5597471	0.37677017	0.81335	1.7519797	1.8829864	-8.278200264917864
SAS_only	greedy_maxmin	0	[1383, 682, 1943, 1868, 2072, 1340, 2104, 1818]	114.21471	123.83279	131.10683	0.584108	0.37677017	0.7888	2.252792	2.6530411	-5.899390999666848
SAS_only	greedy_maxmean	0	[1383, 682, 1943, 2104, 1340, 1868, 2072, 1782]	112.61439	123.90804	131.10683	0.5816233	0.37677017	0.78895	2.190104	2.6556003	-5.871623328955457
SAS_only	greedy_maxkl	0	[1383, 2048, 2049, 2050, 2051, 2052, 2053, 2054]	100.608154	105.96147	111.534744	0.559541	0.37677017	0.8008	1.7480078	1.9399322	-8.038847092674436
SAS_only	random	1	[np.int64(3181), np.int64(2063), np.int64(1395), np.int64(1220), np.int64(1949), np.int64(1988), np.int64(2058), np.int64(1277)]	104.3312	108.39236	113.46365	0.57538456	0.37677017	0.80855	1.879773	2.029949	-7.803590741690329
SAS_only	greedy_maxmin	1	[1273, 682, 2104, 1943, 1868, 1782, 2072, 1818]	114.44212	123.11001	131.10683	0.58129543	0.37677017	0.78505	2.261772	2.62129	-5.951848530183865
SAS_only	greedy_maxmean	1	[1273, 682, 2104, 1943, 1340, 1868, 2072, 1782]	113.26959	123.90059	131.10683	0.5791825	0.37677017	0.78925	2.2156625	2.6552427	-5.862433505684372
SAS_only	greedy_maxkl	1	[1273, 2048, 2049, 2050, 2051, 2052, 2053, 2054]	100.608154	106.781715	112.36548	0.5626721	0.37677017	0.8025	1.7480078	1.970314	-7.946972007558785
SAS_only	random	2	[np.int64(2110), np.int64(1930), np.int64(3131), np.int64(3168), np.int64(1366), np.int64(1942), np.int64(1499), np.int64(1882)]	100.48383	106.14516	111.07655	0.5608473	0.37677017	0.8036	1.7436903	1.9468399	-8.048223092051204
SAS_only	greedy_maxmin	2	[2116, 682, 1943, 2104, 1868, 1614, 1924, 3188]	113.37989	121.64693	131.10683	0.58891183	0.37677017	0.79545	2.21998	2.5607607	-6.142869908510212
SAS_only	greedy_maxmean	2	[2116, 682, 1943, 2104, 1868, 1340, 1614, 1782]	111.04504	124.18232	131.10683	0.5753678	0.37677017	0.7867	2.1294885	2.6677628	-5.824630961093666
SAS_only	greedy_maxkl	2	[2116, 2048, 2049, 2050, 2051, 2052, 2053, 2054]	100.608154	106.50219	111.534744	0.56283015	0.37677017	0.80185	1.7480078	1.960008	-7.973406572984735
SAS_only	random	3	[np.int64(2115), np.int64(2140), np.int64(1329), np.int64(1618), np.int64(1769), np.int64(1493), np.int64(1959), np.int64(2030)]	103.06309	106.47886	109.48516	0.5634118	0.37677017	0.81275	1.8343545	1.9585029	-7.971415817498553
SAS_only	greedy_maxmin	3	[2147, 682, 2104, 1340, 1868, 1782, 1870, 1793]	113.19894	121.54801	130.56416	0.5794377	0.37677017	0.7984	2.2128997	2.5560174	-6.122177785365776
SAS_only	greedy_maxmean	3	[2147, 682, 2104, 1340, 1943, 1868, 1614, 1782]	111.78998	123.88989	131.10683	0.575811	0.37677017	0.79165	2.1581557	2.655668	-5.8523384336171205
SAS_only	greedy_maxkl	3	[2147, 2048, 2049, 2050, 2051, 2052, 2053, 2054]	100.608154	106.4799	111.534744	0.56214887	0.37677017	0.8011	1.7480078	1.959015	-7.974662118999019
SAS_only	random	4	[np.int64(2149), np.int64(1614), np.int64(1389), np.int64(1997), np.int64(1933), np.int64(2032), np.int64(1854), np.int64(3137)]	103.73524	108.86037	115.62006	0.5737893	0.37677017	0.81385	1.858359	2.0481	-7.706216850822868
SAS_only	greedy_maxmin	4	[2001, 1340, 2104, 1943, 682, 1818, 1868, 1936]	112.56554	122.50564	131.10683	0.5840794	0.37677017	0.7934	2.1882045	2.5985436	-6.04650735129206
SAS_only	greedy_maxmean	4	[2001, 1340, 2104, 682, 1943, 1868, 1614, 1782]	112.44109	123.6944	131.10683	0.57974607	0.37677017	0.7918	2.183369	2.6475084	-5.87952537555344
SAS_only	greedy_maxkl	4	[2001, 2048, 2049, 2050, 2051, 2052, 2053, 2054]	100.608154	106.26522	111.534744	0.56440604	0.37677017	0.80685	1.7480078	1.9513239	-8.022935544336521
AMR_only	random	0	[np.int64(2926), np.int64(933), np.int64(2841), np.int64(902), np.int64(572), np.int64(575), np.int64(406), np.int64(1105)]	98.91916	104.93225	111.05854	0.5517937	0.37677017	0.7995	1.6898098	1.9030931	-8.20970987015202
AMR_only	greedy_maxmin	0	[407, 500, 942, 392, 440, 401, 458, 368]	109.51256	114.80529	127.66362	0.62681156	0.37677017	0.89385	2.0711179	2.2797754	-7.12847762026372
AMR_only	greedy_maxmean	0	[407, 500, 1110, 427, 417, 440, 392, 567]	100.74721	117.035225	129.27876	0.61909646	0.37677017	0.8712	1.7528431	2.3727524	-6.93933672866323
AMR_only	greedy_maxkl	0	[407, 1049, 1050, 1052, 1094, 1095, 1100, 1101]	89.615845	102.552536	111.031525	0.5156157	-0.0	0.74615	1.3869047	1.8218467	-8.52032707133228
AMR_only	random	1	[np.int64(2908), np.int64(906), np.int64(415), np.int64(315), np.int64(581), np.int64(611), np.int64(902), np.int64(359)]	99.944984	108.27232	118.00848	0.57851404	0.37677017	0.83365	1.7250395	2.0282283	-7.916834345039364
AMR_only	greedy_maxmin	1	[315, 947, 500, 434, 401, 458, 537, 440]	109.18791	114.72202	127.36169	0.6280584	0.37677017	0.8964	2.0588567	2.2761426	-7.146474068312001
AMR_only	greedy_maxmean	1	[315, 947, 500, 444, 440, 417, 1110, 532]	97.077286	116.93925	129.27876	0.61814934	0.37677017	0.8715	1.6274672	2.371815	-7.057675223814311
AMR_only	greedy_maxkl	1	[315, 1049, 1050, 1052, 1094, 1095, 1100, 1101]	89.615845	102.7795	114.86079	0.5135136	-0.0	0.7323	1.3869047	1.8310425	-8.541449828589633
AMR_only	random	2	[np.int64(1014), np.int64(565), np.int64(2847), np.int64(2894), np.int64(404), np.int64(573), np.int64(425), np.int64(529)]	103.71596	107.51616	112.929184	0.5782084	0.37677017	0.83395	1.8576682	1.9972973	-7.93808038241569
AMR_only	greedy_maxmin	2	[1050, 500, 437, 434, 368, 464, 439, 511]	110.78357	115.70595	129.37929	0.62318337	0.37677017	0.8772	2.119472	2.3144867	-6.971010250191882
AMR_only	greedy_maxmean	2	[1050, 500, 427, 417, 440, 1110, 392, 434]	97.27281	118.112206	129.37929	0.62142676	0.37677017	0.8711	1.6340297	2.417221	-6.858408891831091
AMR_only	greedy_maxkl	2	[1050, 1049, 1052, 1094, 1095, 1100, 1101, 1103]	88.74683	100.24256	109.98637	0.49113736	-0.0	0.70725	1.3601371	1.7414142	-8.77729370560773
AMR_only	random	3	[np.int64(1019), np.int64(1109), np.int64(387), np.int64(430), np.int64(440), np.int64(421), np.int64(588), np.int64(864)]	95.01053	108.602104	119.01681	0.58544874	0.37677017	0.85	1.5589077	2.0433142	-7.918664531844254
AMR_only	greedy_maxmin	3	[1120, 500, 427, 434, 2925, 530, 584, 551]	111.108055	114.90014	121.35897	0.62976843	0.37677017	0.8977	2.1319063	2.2812803	-7.072511269233661
AMR_only	greedy_maxmean	3	[1120, 500, 427, 417, 440, 1110, 597, 434]	99.05049	117.412926	129.27876	0.6233341	0.37677017	0.8804	1.6942998	2.387746	-6.912315223525978
AMR_only	greedy_maxkl	3	[1120, 1049, 1050, 1052, 1094, 1095, 1100, 1101]	89.615845	100.50708	108.18503	0.4998949	-0.0	0.7269	1.3869047	1.7494076	-8.727961810650315
AMR_only	random	4	[np.int64(1120), np.int64(426), np.int64(412), np.int64(617), np.int64(568), np.int64(875), np.int64(505), np.int64(2865)]	97.903015	107.73701	113.238686	0.57191545	0.37677017	0.8292	1.655271	2.0063946	-7.894144342970558
AMR_only	greedy_maxmin	4	[622, 500, 1106, 532, 440, 392, 521, 313]	109.9318	115.38497	127.72627	0.62565774	0.37677017	0.88815	2.0870056	2.3026202	-7.057880687455846
AMR_only	greedy_maxmean	4	[622, 500, 1106, 437, 567, 440, 417, 532]	107.680084	117.049034	128.12885	0.62513083	0.37677017	0.8738	2.0023859	2.371889	-6.927875143225375
AMR_only	greedy_maxkl	4	[622, 1049, 1050, 1052, 1094, 1095, 1100, 1101]	89.615845	102.88635	112.52555	0.51675457	-0.0	0.7474	1.3869047	1.8346508	-8.514155226770976
EUR_AFR	random	0	[np.int64(104), np.int64(2364), np.int64(2816), np.int64(2283), np.int64(1521), np.int64(1528), np.int64(108), np.int64(2691)]	102.75213	116.82344	126.07537	0.63498914	0.37677017	0.8982	1.8233021	2.3683426	-7.113901274672779
EUR_AFR	greedy_maxmin	0	[109, 1482, 1325, 2756, 1554, 2863, 2862, 2861]	112.76081	118.248955	129.57237	0.6334033	0.37677017	0.88035	2.1958027	2.4177454	-6.64766972080951
EUR_AFR	greedy_maxmean	0	[109, 1482, 1325, 0, 163, 1568, 19, 1415]	104.98571	124.007675	137.20787	0.633041	0.37677017	0.87655	1.903432	2.6703408	-6.275280790962853
EUR_AFR	ancestry_balanced	0	[np.int64(1347), np.int64(1703), np.int64(2238), np.int64(2602), np.int64(46), np.int64(1196), np.int64(2318), np.int64(721)]	102.0049	116.15349	127.65187	0.6307293	0.37677017	0.89305	1.7968799	2.3407671	-7.206011425806176
EUR_AFR	random	1	[np.int64(3051), np.int64(2284), np.int64(130), np.int64(18), np.int64(1543), np.int64(1680), np.int64(2274), np.int64(26)]	98.35649	112.82521	126.980316	0.6036204	0.37677017	0.87235	1.6706406	2.213658	-7.557640338219466
EUR_AFR	greedy_maxmin	1	[19, 1482, 1325, 163, 1142, 717, 2956, 1597]	114.328476	122.84393	137.12404	0.6341044	0.37677017	0.8816	2.257282	2.6146286	-6.236796470896687
EUR_AFR	greedy_maxmean	1	[19, 1482, 163, 1325, 0, 1468, 2972, 1415]	111.754196	125.613	137.20787	0.6408092	0.37677017	0.8844	2.1567743	2.735348	-6.029464872927368
EUR_AFR	ancestry_balanced	1	[np.int64(789), np.int64(2711), np.int64(2960), np.int64(8), np.int64(11), np.int64(1627), np.int64(1265), np.int64(57)]	102.610916	115.37739	126.90548	0.6273937	0.37677017	0.89415	1.8182942	2.309016	-7.2451358252565585
EUR_AFR	random	2	[np.int64(2597), np.int64(1484), np.int64(2929), np.int64(3020), np.int64(105), np.int64(1528), np.int64(152), np.int64(1270)]	104.647026	115.491035	125.299644	0.62737924	0.37677017	0.89365	1.8911709	2.314487	-7.277315578441611
EUR_AFR	greedy_maxmin	2	[2602, 3068, 1482, 1325, 0, 1442, 2972, 717]	113.52533	123.48061	137.20787	0.6452646	0.37677017	0.88355	2.2256787	2.6416373	-6.23118407077858
EUR_AFR	greedy_maxmean	2	[2602, 3068, 1482, 0, 1325, 163, 1260, 19]	109.128365	124.636955	137.20787	0.6383585	0.37677017	0.8837	2.0566115	2.6937842	-6.148732832253149
EUR_AFR	ancestry_balanced	2	[np.int64(45), np.int64(1684), np.int64(2642), np.int64(1226), np.int64(3031), np.int64(2289), np.int64(1540), np.int64(721)]	100.2447	114.76716	126.81483	0.62505704	0.37677017	0.8938	1.735401	2.285986	-7.386924054389719
EUR_AFR	random	3	[np.int64(2639), np.int64(2710), np.int64(57), np.int64(167), np.int64(632), np.int64(142), np.int64(1579), np.int64(2182)]	101.15335	115.97546	128.88367	0.62909096	0.37677017	0.88695	1.7670039	2.3394349	-7.306573099432641
EUR_AFR	greedy_maxmin	3	[2717, 19, 163, 2861, 1482, 1325, 717, 2863]	114.82596	123.18687	137.12404	0.6428213	0.37677017	0.8826	2.2769692	2.6287215	-6.214512796724764
EUR_AFR	greedy_maxmean	3	[2717, 19, 1482, 163, 1325, 0, 2972, 1568]	110.054535	125.45805	137.20787	0.6395669	0.37677017	0.88875	2.0916684	2.7302349	-6.078573489509363
EUR_AFR	ancestry_balanced	3	[np.int64(747), np.int64(2182), np.int64(1667), np.int64(1214), np.int64(1476), np.int64(2295), np.int64(2324), np.int64(1299)]	103.43114	115.73577	125.781555	0.6245546	0.37677017	0.88665	1.8474793	2.3245277	-7.243163101497588
EUR_AFR	random	4	[np.int64(2729), np.int64(159), np.int64(120), np.int64(1701), np.int64(1511), np.int64(2214), np.int64(1146), np.int64(2948)]	98.35649	112.30421	123.34099	0.61354935	0.37677017	0.88025	1.6706408	2.1894627	-7.669255561997207
EUR_AFR	greedy_maxmin	4	[1705, 163, 717, 2972, 2861, 3017, 1482, 786]	114.48581	121.658424	135.94116	0.6443539	0.37677017	0.8871	2.2634988	2.564529	-6.413672877394431
EUR_AFR	greedy_maxmean	4	[1705, 163, 1482, 19, 1325, 0, 2972, 1260]	111.74972	125.03429	137.20787	0.63973796	0.37677017	0.8877	2.1566017	2.7113864	-6.107203013446095
EUR_AFR	ancestry_balanced	4	[np.int64(1463), np.int64(1654), np.int64(713), np.int64(2639), np.int64(2186), np.int64(2335), np.int64(1755), np.int64(1075)]	103.93267	116.56545	126.051575	0.62915987	0.37677017	0.8904	1.8654394	2.3585913	-7.172537923357851
EUR_EAS	random	0	[np.int64(90), np.int64(2366), np.int64(2578), np.int64(2266), np.int64(828), np.int64(834), np.int64(92), np.int64(2440)]	97.20082	108.06063	118.671814	0.5607227	0.37677017	0.8033	1.6316121	2.0238183	-7.973540545660418
EUR_EAS	greedy_maxmin	0	[93, 1056, 10, 717, 2521, 163, 0, 19]	110.97748	117.55381	128.62347	0.59191895	0.37677017	0.81905	2.1268978	2.3910642	-6.760236906448057
EUR_EAS	greedy_maxmean	0	[93, 1056, 0, 10, 239, 163, 717, 818]	108.36512	119.53286	128.62347	0.6030867	0.37677017	0.828	2.0279443	2.47413	-6.627637727505954
EUR_EAS	ancestry_balanced	0	[np.int64(344), np.int64(1158), np.int64(2238), np.int64(2415), np.int64(46), np.int64(261), np.int64(2318), np.int64(721)]	96.659195	110.99359	122.44999	0.5769169	0.37677017	0.81145	1.6134791	2.1379874	-7.744742661733736
EUR_EAS	random	1	[np.int64(3058), np.int64(2271), np.int64(112), np.int64(16), np.int64(846), np.int64(1073), np.int64(2261), np.int64(22)]	99.50377	109.29115	118.85285	0.5669218	0.37677017	0.8013	1.7098422	2.0664551	-7.733080106846559
EUR_EAS	greedy_maxmin	1	[16, 239, 717, 786, 2626, 2164, 19, 2235]	110.63905	116.75554	125.92855	0.6004694	0.37677017	0.824	2.113946	2.3574567	-6.8322074838353535
EUR_EAS	greedy_maxmean	1	[16, 239, 717, 818, 163, 0, 1056, 2164]	107.912	119.48134	128.62347	0.59842783	0.37677017	0.8244	2.0110204	2.4725697	-6.649531606909985
EUR_EAS	ancestry_balanced	1	[np.int64(789), np.int64(2454), np.int64(2614), np.int64(8), np.int64(11), np.int64(1024), np.int64(309), np.int64(57)]	97.36529	110.09422	118.56222	0.5762338	0.37677017	0.8174	1.6371381	2.099754	-7.739252331505819
EUR_EAS	random	2	[np.int64(2403), np.int64(814), np.int64(2608), np.int64(3031), np.int64(90), np.int64(834), np.int64(130), np.int64(704)]	93.28451	108.98568	119.19312	0.56968397	0.37677017	0.80655	1.5027822	2.060164	-7.953962490000514
EUR_EAS	greedy_maxmin	2	[2408, 3064, 136, 717, 3015, 0, 3023, 726]	109.49429	113.50211	120.13326	0.5916879	0.37677017	0.82525	2.0704272	2.226271	-7.195208359367058
EUR_EAS	greedy_maxmean	2	[2408, 3064, 1056, 0, 163, 717, 239, 818]	103.39729	118.65934	128.62347	0.5961548	0.37677017	0.8196	1.8462703	2.4411514	-6.754013602486264
EUR_EAS	ancestry_balanced	2	[np.int64(45), np.int64(1066), np.int64(2420), np.int64(283), np.int64(3031), np.int64(2289), np.int64(845), np.int64(721)]	98.44795	109.95892	119.34404	0.5733967	0.37677017	0.80665	1.6737492	2.095221	-7.798278743999889
EUR_EAS	random	3	[np.int64(2410), np.int64(2450), np.int64(48), np.int64(143), np.int64(160), np.int64(122), np.int64(985), np.int64(2181)]	100.76209	110.09599	118.43564	0.56877786	0.37677017	0.8019	1.7533611	2.0991127	-7.714594967301819
EUR_EAS	greedy_maxmin	3	[2456, 717, 163, 2164, 786, 0, 2235, 19]	111.754196	115.529655	121.5648	0.5898213	0.37677017	0.8144	2.1567743	2.306216	-6.9155059273409885
EUR_EAS	greedy_maxmean	3	[2456, 717, 163, 239, 0, 1167, 19, 2164]	104.88565	118.9071	127.33028	0.596029	0.37677017	0.8184	1.8998057	2.4478862	-6.662974088268037
EUR_EAS	ancestry_balanced	3	[np.int64(747), np.int64(2182), np.int64(1057), np.int64(277), np.int64(816), np.int64(2295), np.int64(2324), np.int64(334)]	99.0404	110.55077	118.08472	0.57750726	0.37677017	0.8195	1.6939545	2.1183684	-7.753507138490854
EUR_EAS	random	4	[np.int64(2462), np.int64(136), np.int64(103), np.int64(1153), np.int64(823), np.int64(2212), np.int64(374), np.int64(2620)]	98.0816	109.211555	119.71216	0.56414765	0.37677017	0.8009	1.6613152	2.068774	-7.843449701446044
EUR_EAS	greedy_maxmin	4	[1157, 0, 163, 3015, 2264, 786, 2235, 19]	111.754196	115.507866	124.3101	0.5857797	0.37677017	0.81225	2.1567743	2.3058643	-6.905041227122433
EUR_EAS	greedy_maxmean	4	[1157, 0, 163, 239, 717, 1056, 19, 818]	102.936874	119.39215	128.62347	0.58970445	0.37677017	0.8117	1.8298646	2.471299	-6.640123175976124
EUR_EAS	ancestry_balanced	4	[np.int64(809), np.int64(1043), np.int64(713), np.int64(2419), np.int64(2186), np.int64(2335), np.int64(1185), np.int64(1075)]	97.36015	110.7285	122.71512	0.58114696	0.37677017	0.827	1.6369654	2.1257138	-7.72410413296264
all_3_major	random	0	[np.int64(148), np.int64(2416), np.int64(2741), np.int64(2328), np.int64(1369), np.int64(1400), np.int64(154), np.int64(2558)]	102.79105	116.55614	126.13881	0.625681	0.37677017	0.8989	1.8246835	2.3546631	-7.077637363878757
all_3_major	greedy_maxmin	0	[154, 1482, 1325, 1167, 2602, 1442, 163, 2861]	114.61239	123.35378	136.1029	0.642392	0.37677017	0.89235	2.268507	2.6353765	-6.176467840906154
all_3_major	greedy_maxmean	0	[154, 1482, 1056, 1325, 163, 1260, 239, 0]	109.15585	127.28105	138.49188	0.64175755	0.37677017	0.88815	2.057648	2.810334	-5.880972982285311
all_3_major	ancestry_balanced	0	[np.int64(2418), np.int64(2239), np.int64(2319), np.int64(2973), np.int64(2545), np.int64(46), np.int64(1702), np.int64(2676)]	102.31325	116.76137	127.738014	0.6312027	0.37677017	0.8923	1.8077598	2.3635197	-7.078336688033415
all_3_major	random	1	[np.int64(3031), np.int64(2329), np.int64(185), np.int64(27), np.int64(1430), np.int64(1632), np.int64(2313), np.int64(38)]	101.61693	115.1162	125.598564	0.6209913	0.37677017	0.8893	1.7832371	2.3013866	-7.271086590365382
all_3_major	greedy_maxmin	1	[27, 1482, 239, 1325, 2602, 1442, 37, 2235]	113.63978	124.889465	137.66989	0.6438123	0.37677017	0.89035	2.2301688	2.7020056	-6.06233001447174
all_3_major	greedy_maxmean	1	[27, 1482, 239, 1325, 0, 1056, 1260, 163]	109.15585	127.40916	138.49188	0.63866204	0.37677017	0.88625	2.057648	2.8152928	-5.864195830067873
all_3_major	ancestry_balanced	1	[np.int64(1193), np.int64(790), np.int64(2818), np.int64(1627), np.int64(2391), np.int64(11), np.int64(2617), np.int64(8)]	99.46356	117.08857	127.44803	0.6303237	0.37677017	0.8949	1.7084607	2.3773599	-7.039285288234033
all_3_major	random	2	[np.int64(2489), np.int64(1286), np.int64(2762), np.int64(2986), np.int64(149), np.int64(1400), np.int64(230), np.int64(1075)]	104.96666	116.553856	125.97619	0.63548964	0.37677017	0.8977	1.9027414	2.3552797	-7.070283994625697
all_3_major	greedy_maxmin	2	[2495, 1056, 0, 1482, 163, 2972, 2861, 3034]	115.41231	123.96844	138.49188	0.63407683	0.37677017	0.8875	2.3002825	2.6629581	-6.116758191449568
all_3_major	greedy_maxmean	2	[2495, 1056, 1482, 0, 163, 1325, 239, 19]	109.15585	127.56688	138.49188	0.6299365	0.37677017	0.8837	2.057648	2.8216767	-5.80508421883482
all_3_major	ancestry_balanced	2	[np.int64(996), np.int64(1434), np.int64(2604), np.int64(45), np.int64(2290), np.int64(283), np.int64(1539), np.int64(721)]	95.77578	117.84472	129.6071	0.6280087	0.37677017	0.8892	1.5841211	2.4123118	-7.036389982712199
all_3_major	random	3	[np.int64(2503), np.int64(2575), np.int64(81), np.int64(267), np.int64(308), np.int64(209), np.int64(1484), np.int64(2186)]	90.6587	114.803894	127.04723	0.61842006	0.37677017	0.88975	1.4193711	2.2981856	-7.444359010918301
all_3_major	greedy_maxmin	3	[2581, 1482, 717, 1325, 1191, 163, 1189, 3017]	115.16944	123.1001	135.94116	0.6477178	0.37677017	0.89625	2.2906117	2.6237695	-6.2144751160614
all_3_major	greedy_maxmean	3	[2581, 1482, 0, 1325, 239, 163, 1468, 1056]	104.78072	126.78043	138.49188	0.6382575	0.37677017	0.8904	1.8960065	2.7912822	-5.965732854279519
all_3_major	ancestry_balanced	3	[np.int64(277), np.int64(2296), np.int64(1667), np.int64(2761), np.int64(2182), np.int64(1475), np.int64(220), np.int64(293)]	96.540146	116.79773	126.87789	0.6278456	0.37677017	0.8954	1.6095071	2.3699214	-7.166129764380259
all_3_major	random	4	[np.int64(2593), np.int64(244), np.int64(170), np.int64(1670), np.int64(1325), np.int64(2217), np.int64(958), np.int64(2782)]	101.118744	118.68322	131.12209	0.6403428	0.37677017	0.90035	1.7657951	2.444476	-6.918900326751535
all_3_major	greedy_maxmin	4	[1674, 239, 0, 163, 3015, 1214, 1325, 2264]	113.90786	122.44098	137.40816	0.6349385	0.37677017	0.88445	2.2407033	2.5972602	-6.282632769569823
all_3_major	greedy_maxmean	4	[1674, 239, 0, 1482, 1056, 1325, 163, 19]	109.15585	127.38717	138.49188	0.63308305	0.37677017	0.8851	2.057648	2.8143551	-5.842292137940523
all_3_major	ancestry_balanced	4	[np.int64(810), np.int64(2212), np.int64(1652), np.int64(264), np.int64(1550), np.int64(1197), np.int64(1075), np.int64(287)]	99.50377	116.927956	127.440186	0.635685	0.37677017	0.908	1.7098422	2.372913	-7.127994577997926
all_5	random	0	[np.int64(241), np.int64(2301), np.int64(2786), np.int64(2137), np.int64(1431), np.int64(1452), np.int64(253), np.int64(2529)]	95.50916	116.7749	126.67675	0.6313144	0.37677017	0.90265	1.5753139	2.365666	-7.134624849281602
all_5	greedy_maxmin	0	[255, 1868, 1482, 682, 239, 1340, 1943, 2104]	120.03749	129.21597	141.4355	0.61276823	0.37677017	0.84925	2.4883463	2.891056	-5.365920360121171
all_5	greedy_maxmean	0	[255, 1868, 1482, 682, 239, 1325, 2104, 1340]	119.24764	130.27084	141.4355	0.6281491	0.37677017	0.8706	2.455707	2.939873	-5.3384952462689
all_5	ancestry_balanced	0	[np.int64(933), np.int64(46), np.int64(1011), np.int64(2674), np.int64(406), np.int64(2320), np.int64(1991), np.int64(1387)]	102.50854	111.33785	124.18535	0.6013294	0.37677017	0.8731	1.8146676	2.1482873	-7.539933776314481
all_5	random	1	[np.int64(3099), np.int64(2137), np.int64(321), np.int64(40), np.int64(1495), np.int64(1756), np.int64(2116), np.int64(58)]	100.12492	111.40792	123.430145	0.5979832	0.37677017	0.85955	1.7312565	2.1506064	-7.518000340016136
all_5	greedy_maxmin	1	[40, 1482, 1868, 1325, 2104, 1943, 942, 2756]	118.321594	128.70529	140.18202	0.6402786	0.37677017	0.8832	2.4177144	2.8690188	-5.566693475003694
all_5	greedy_maxmean	1	[40, 1482, 1868, 2104, 1325, 682, 947, 1943]	116.47746	130.41243	141.05318	0.6253293	0.37677017	0.86605	2.3429382	2.946183	-5.345356449589749
all_5	ancestry_balanced	1	[np.int64(1946), np.int64(1404), np.int64(11), np.int64(906), np.int64(1193), np.int64(2137), np.int64(8), np.int64(1030)]	108.20813	116.167114	130.24593	0.62108594	0.37677017	0.88655	2.0220728	2.3377388	-7.00400554937467
all_5	random	2	[np.int64(2422), np.int64(1377), np.int64(2820), np.int64(3033), np.int64(242), np.int64(1454), np.int64(384), np.int64(1115)]	101.76935	117.17542	130.44156	0.63793576	0.37677017	0.9036	1.7885907	2.383965	-7.120992836410048
all_5	greedy_maxmin	2	[2427, 1482, 682, 1868, 2104, 1325, 163, 1340]	120.83046	131.23457	141.4355	0.6275051	0.37677017	0.87295	2.5213308	2.9806964	-5.231325891989738
all_5	greedy_maxmean	2	[2427, 1482, 682, 2104, 1325, 1340, 1868, 1943]	119.23506	131.3716	141.4355	0.61961216	0.37677017	0.86145	2.455189	2.9875984	-5.184960398618919
all_5	ancestry_balanced	2	[np.int64(836), np.int64(2091), np.int64(2553), np.int64(1550), np.int64(45), np.int64(2290), np.int64(425), np.int64(2894)]	102.38652	113.70307	127.377396	0.60860634	0.37677017	0.87815	1.8103502	2.2424178	-7.322127659949215
all_5	random	3	[np.int64(2438), np.int64(2555), np.int64(122), np.int64(426), np.int64(487), np.int64(358), np.int64(1565), np.int64(1970)]	98.84331	112.77852	125.96825	0.6040273	0.37677017	0.8706	1.6872194	2.2073796	-7.473851775571625
all_5	greedy_maxmin	3	[2561, 1482, 682, 1868, 1340, 434, 1943, 1325]	120.84701	129.29747	141.4355	0.62583154	0.37677017	0.87245	2.5220218	2.8949416	-5.435679887936941
all_5	greedy_maxmean	3	[2561, 1482, 1340, 682, 1325, 1868, 2104, 1943]	119.995834	131.3383	141.4355	0.6211572	0.37677017	0.8637	2.4866195	2.9857602	-5.186812279525156
all_5	ancestry_balanced	3	[np.int64(2481), np.int64(2327), np.int64(421), np.int64(1044), np.int64(1666), np.int64(305), np.int64(1967), np.int64(387)]	98.90399	115.023	128.74782	0.62367266	0.37677017	0.89695	1.6892918	2.2970014	-7.281508126211551
all_5	random	4	[np.int64(2580), np.int64(403), np.int64(290), np.int64(1806), np.int64(1413), np.int64(1978), np.int64(946), np.int64(2864)]	100.26964	115.37929	124.92798	0.62187225	0.37677017	0.8917	1.7362645	2.3056793	-7.121267186735057
all_5	greedy_maxmin	4	[1812, 1482, 1325, 1868, 2104, 2602, 0, 417]	118.02542	127.929016	140.18202	0.6432984	0.37677017	0.88065	2.405626	2.8347454	-5.652981727475795
all_5	greedy_maxmean	4	[1812, 1482, 1868, 905, 1325, 682, 2104, 1340]	116.0431	130.28735	141.4355	0.6266748	0.37677017	0.8686	2.325496	2.9416559	-5.362399318384437
all_5	ancestry_balanced	4	[np.int64(426), np.int64(1197), np.int64(2559), np.int64(2089), np.int64(2466), np.int64(1960), np.int64(2795), np.int64(1076)]	105.768616	114.20831	125.95237	0.61872697	0.37677017	0.892	1.9319267	2.2579973	-7.242739735898152
AFR_only	greedy_maxkl	0	[1193, 2339, 2340, 2341, 2342, 2344, 2345, 2347]	101.3903350830078	106.74683380126952	110.91438293457033	0.5712569355964661	0.3767701685428619	0.8225	1.415573000907898	1.601889967918396	-7.856424236593915
AFR_only	greedy_maxkl	1	[871, 2339, 2340, 2341, 2342, 2344, 2345, 2347]	101.3903350830078	106.53233337402344	111.0495376586914	0.5687093734741211	0.3767701685428619	0.81465	1.415573000907898	1.5824629068374634	-7.859733218338041
AFR_only	greedy_maxkl	2	[2679, 2339, 2340, 2341, 2342, 2344, 2345, 2347]	101.3903350830078	105.630859375	108.3143539428711	0.5605107545852661	0.3767701685428619	0.79905	1.415573000907898	1.5530916452407837	-7.956071447609448
AFR_only	greedy_maxkl	3	[2727, 2339, 2340, 2341, 2342, 2344, 2345, 2347]	101.3903350830078	106.4324188232422	109.79071044921876	0.5636683106422424	0.3767701685428619	0.80325	1.415573000907898	1.5642435550689695	-7.85542372311014
AFR_only	greedy_maxkl	4	[1718, 2339, 2340, 2341, 2342, 2344, 2345, 2347]	101.3903350830078	106.00352478027344	109.22454071044922	0.5635234117507935	0.3767701685428619	0.80515	1.415573000907898	1.5648422241210938	-7.914414151227881
AFR_only	greedy_maxmean	5	[2961, 1482, 2972, 1325, 2949, 1583, 2959, 1415]	104.52751159667967	119.95379638671876	134.17153930664062	0.6393863558769226	0.3767701685428619	0.89565	1.474883198738098	1.978323221206665	-6.584856868220194
AFR_only	greedy_maxmean	6	[1413, 2972, 1482, 1325, 2978, 1415, 2956, 2861]	109.98181915283205	119.80760955810548	134.17153930664062	0.6363784074783325	0.3767701685428619	0.88795	1.7162777185440063	1.946457028388977	-6.544793978224443
AFR_only	greedy_maxmin	5	[2961, 1482, 1325, 2972, 1583, 1554, 1415, 1046]	112.67208862304688	118.9014129638672	134.17153930664062	0.6282711625099182	0.3767701685428619	0.87685	1.7061238288879397	1.9455554485321045	-6.543746808573397
AFR_only	greedy_maxmin	6	[1413, 2972, 2978, 2861, 1325, 1482, 2950, 1554]	111.08555603027344	118.92581939697266	134.17153930664062	0.6342560648918152	0.3767701685428619	0.8859	1.7292309999465942	1.984353303909301	-6.624653497578628
AFR_only	random	5	[2971, 911, 2691, 951, 1449, 2952, 2806, 1586]	105.5888214111328	111.2146453857422	118.69709014892578	0.6033921837806702	0.3767701685428619	0.863	1.5359030961990356	1.7334606647491455	-7.440854732119455
AFR_only	random	6	[2665, 1133, 1587, 1722, 1448, 1705, 1369, 1410]	104.2544937133789	108.31304168701172	112.71202087402344	0.5758490562438965	0.3767701685428619	0.8122	1.4838372468948364	1.6262972354888916	-7.641951574486978
AMR_only	greedy_maxkl	5	[2907, 1049, 1050, 1052, 1094, 1095, 1100, 1101]	89.6158447265625	102.8096694946289	116.6576156616211	0.5143053531646729	-0.0	0.74125	1.029783844947815	1.4605693817138672	-8.522483976653097
AMR_only	greedy_maxkl	6	[478, 1049, 1050, 1052, 1094, 1095, 1100, 1101]	89.6158447265625	103.32398986816406	114.7344741821289	0.5159178972244263	-0.0	0.7395	1.029783844947815	1.470333695411682	-8.448849532533874
AMR_only	greedy_maxmean	5	[2907, 500, 1050, 434, 417, 440, 427, 1110]	97.27281188964844	117.25755310058594	129.37928771972656	0.6164138913154602	0.3767701685428619	0.87165	1.262567162513733	1.9195047616958616	-6.978407808434485
AMR_only	greedy_maxmean	6	[478, 942, 500, 427, 417, 440, 905, 439]	100.473876953125	117.7216796875	127.6636199951172	0.621056079864502	0.3767701685428619	0.8729	1.317041039466858	1.9083874225616453	-6.876265580421256
AMR_only	greedy_maxmin	5	[2907, 500, 2917, 434, 584, 418, 417, 2925]	110.87831115722656	115.89653778076172	126.43180084228516	0.6277989149093628	0.3767701685428619	0.8914	1.7013628482818604	1.8637646436691284	-6.99225105978159
AMR_only	greedy_maxmin	6	[478, 942, 500, 611, 607, 2925, 440, 427]	110.68423461914062	115.54837799072266	127.6636199951172	0.627883791923523	0.3767701685428619	0.8919	1.6280782222747805	1.843193411827088	-7.02109819526232
AMR_only	random	5	[2908, 359, 1095, 364, 496, 2897, 2871, 560]	102.97087097167967	108.608154296875	114.56875610351562	0.5789123773574829	0.3767701685428619	0.8203	1.451431393623352	1.6325017213821411	-7.811958766613322
AMR_only	random	6	[1013, 394, 562, 622, 496, 615, 465, 475]	100.21476745605467	107.04231262207033	114.13150024414062	0.5667505264282227	0.3767701685428619	0.8122	1.3198570013046265	1.574618935585022	-7.9842821921343825
EAS_only	greedy_maxkl	5	[2616, 185, 186, 188, 189, 191, 192, 193]	95.61380767822266	100.9841079711914	106.17438507080078	0.5064857006072998	-0.0	0.7197	1.2602300643920898	1.3959170579910278	-8.566122651501455
EAS_only	greedy_maxkl	6	[382, 185, 186, 188, 189, 191, 192, 193]	97.29850769042967	101.88006591796876	106.17438507080078	0.511563777923584	-0.0	0.7277	1.3170255422592163	1.432668924331665	-8.44931028854581
EAS_only	greedy_maxmean	5	[2616, 1093, 239, 2564, 1167, 2397, 1056, 2619]	102.36209869384766	107.56255340576172	113.23868560791016	0.5185356736183167	-0.0	0.711	1.4319860935211182	1.57616126537323	-7.710544927939445
EAS_only	greedy_maxmean	6	[382, 239, 2539, 988, 1093, 2564, 1167, 226]	103.9182357788086	108.56024169921876	113.23868560791016	0.5336624383926392	-0.0	0.73505	1.5180922746658323	1.607110857963562	-7.573827962152045
EAS_only	greedy_maxmin	5	[2616, 1093, 2619, 192, 985, 2609, 827, 1056]	103.17945861816406	106.01892852783205	110.91889190673828	0.5250225067138672	-0.0	0.7272	1.4464263916015625	1.543845295906067	-7.904580080527303
EAS_only	greedy_maxmin	6	[382, 239, 2539, 226, 2564, 1093, 2432, 847]	105.57935333251952	108.59859466552734	111.87940216064452	0.5388878583908081	-0.0	0.74075	1.5070005655288696	1.6105716228485107	-7.56871744871938
EAS_only	random	5	[2621, 199, 2444, 206, 802, 2610, 2563, 988]	95.3781967163086	101.2950210571289	105.9056167602539	0.5106890797615051	-0.0	0.73435	1.2658103704452517	1.4105552434921265	-8.533350678763018
EAS_only	random	6	[2431, 230, 989, 1169, 801, 1159, 353, 380]	96.13532257080078	101.0509262084961	104.82366180419922	0.5084786415100098	-0.0	0.7253	1.244113802909851	1.4081889390945437	-8.525233397805465
EUR_AFR	ancestry_balanced	5	[2306, 3074, 3044, 1707, 3086, 2341, 951, 1023]	106.25440979003906	116.94236755371094	125.47509765625	0.6363811492919922	0.3767701685428619	0.8948	1.5389530658721924	1.9432376623153689	-7.087743378121678
EUR_AFR	ancestry_balanced	6	[868, 2286, 1354, 1084, 1222, 1707, 124, 793]	103.39729309082033	116.30530548095705	126.07537078857422	0.6283466219902039	0.3767701685428619	0.88655	1.5378934144973757	1.8810014724731443	-7.205196928956137
EUR_AFR	greedy_maxmean	5	[3049, 1482, 163, 1325, 19, 1215, 0, 1626]	107.4709243774414	124.18260955810548	137.20787048339844	0.6374257802963257	0.3767701685428619	0.88555	1.657344102859497	2.135190963745117	-6.268208411223045
EUR_AFR	greedy_maxmean	6	[857, 2264, 1482, 0, 1325, 163, 2972, 1597]	111.50336456298828	124.36199188232422	137.20787048339844	0.6457411050796509	0.3767701685428619	0.8893	1.7821890115737915	2.125164270401001	-6.166250128329118
EUR_AFR	greedy_maxmin	5	[3049, 1482, 1325, 2602, 1442, 2740, 2949, 2861]	112.6854019165039	118.1602783203125	131.81805419921875	0.6248660087585449	0.3767701685428619	0.86725	1.7127902507781982	1.903975486755371	-6.657096707128865
EUR_AFR	greedy_maxmin	6	[857, 2264, 1482, 2972, 2978, 1325, 717, 163]	113.8463897705078	122.63983154296876	135.941162109375	0.6442074775695801	0.3767701685428619	0.8916	1.8150043487548828	2.0644423961639404	-6.321762289270378
EUR_AFR	random	5	[3068, 24, 2659, 36, 1090, 3042, 2968, 1462]	101.4051284790039	113.49800872802734	126.57013702392578	0.6161801815032959	0.3767701685428619	0.8752	1.4492422342300415	1.831937789916992	-7.532277624793883
EUR_AFR	random	6	[2589, 76, 1463, 1717, 1088, 1688, 757, 855]	98.74715423583984	114.80867767333984	125.26372528076172	0.6217847466468811	0.3767701685428619	0.8837	1.3127092123031616	1.805622816085816	-7.283381351016477
EUR_EAS	ancestry_balanced	5	[2306, 3074, 3044, 1161, 3086, 2367, 206, 220]	97.62683868408205	110.4901123046875	120.02082824707033	0.5761122703552246	0.3767701685428619	0.81395	1.3260486125946045	1.7203692197799685	-7.728433742567403
EUR_EAS	ancestry_balanced	6	[194, 2286, 351, 1084, 279, 1161, 124, 793]	95.38867950439452	110.0905532836914	117.95338439941406	0.5725269913673401	0.3767701685428619	0.81105	1.2549035549163818	1.6934725046157837	-7.7885742225100465
EUR_EAS	greedy_maxmean	5	[3056, 1056, 163, 717, 818, 0, 239, 19]	108.0832977294922	119.30742645263672	128.62347412109375	0.5964084267616272	0.3767701685428619	0.8214	1.5667870044708252	1.973109126091004	-6.641574282505872
EUR_EAS	greedy_maxmean	6	[280, 0, 163, 1056, 717, 239, 713, 19]	103.08248901367188	118.78483581542967	128.62347412109375	0.5918614268302917	0.3767701685428619	0.81705	1.5187238454818726	1.932234168052673	-6.710303746503362
EUR_EAS	greedy_maxmin	5	[3056, 1056, 163, 2521, 786, 1085, 717, 239]	109.15585327148438	117.19100189208984	125.90472412109376	0.5975493788719177	0.3767701685428619	0.8311	1.6178200244903564	1.9051796197891235	-6.845172576345825
EUR_EAS	greedy_maxmin	6	[280, 0, 163, 3015, 2264, 786, 2235, 19]	111.7541961669922	115.1329345703125	119.82904815673828	0.5848938226699829	0.3767701685428619	0.80745	1.6989654302597046	1.8199481964111328	-6.937471312483156
EUR_EAS	random	5	[3072, 20, 2422, 31, 338, 3049, 2633, 802]	98.24459075927734	108.8721923828125	116.42164611816406	0.5732966065406799	0.3767701685428619	0.82025	1.3575247526168823	1.6635502576828003	-7.914113270419387
EUR_EAS	random	6	[2397, 65, 803, 1165, 336, 1079, 232, 277]	97.05152893066406	107.1902847290039	118.16937255859376	0.5468663573265076	0.3767701685428619	0.78835	1.259706735610962	1.5922006368637085	-7.944563326662696
EUR_only	greedy_maxkl	5	[3077, 0, 1, 2, 3, 4, 5, 6]	100.52860260009766	106.25749206542967	115.68923950195312	0.5484521985054016	0.3767701685428619	0.78455	1.406705021858215	1.5407131910324097	-8.025777439237851
EUR_only	greedy_maxkl	6	[125, 0, 1, 2, 3, 4, 5, 6]	100.52860260009766	106.05396270751952	113.96051788330078	0.5503706336021423	0.3767701685428619	0.78925	1.406705021858215	1.5395832061767578	-8.059395610998898
EUR_only	greedy_maxmean	5	[3077, 0, 717, 163, 2164, 19, 786, 3017]	107.04672241210938	114.06776428222656	121.5647964477539	0.5786022543907166	0.3767701685428619	0.7983	1.5793942213058472	1.7802151441574097	-7.1095073600486405
EUR_only	greedy_maxmean	6	[125, 717, 163, 2164, 786, 3017, 0, 10]	108.06941986083984	113.9321060180664	121.5647964477539	0.584768533706665	0.3767701685428619	0.80485	1.6462117433547974	1.790814995765686	-7.148160652221231
EUR_only	greedy_maxmin	5	[3077, 0, 717, 691, 128, 37, 19, 163]	109.1512680053711	113.36930847167967	121.5647964477539	0.5751442909240723	0.3767701685428619	0.80145	1.6299201250076294	1.7665735483169556	-7.152766228266716
EUR_only	greedy_maxmin	6	[125, 717, 2164, 786, 1085, 10, 163, 3069]	109.32520294189452	112.440185546875	121.5647964477539	0.5791446566581726	0.3767701685428619	0.8061	1.6066622734069824	1.7500821352005005	-7.30959898619433
EUR_only	random	5	[3082, 10, 2300, 15, 143, 3070, 3040, 695]	101.11874389648438	105.72101593017578	113.74093627929688	0.5511319041252136	0.3767701685428619	0.78585	1.4385695457458496	1.563029646873474	-8.120480957135872
EUR_only	random	6	[2282, 32, 696, 1079, 142, 790, 110, 123]	100.3493881225586	103.8817367553711	107.66615295410156	0.544182300567627	0.3767701685428619	0.7874	1.4106260538101196	1.4992882013320925	-8.312195893895627
SAS_only	greedy_maxkl	5	[3180, 2048, 2049, 2050, 2051, 2052, 2053, 2054]	100.608154296875	106.3703155517578	111.53474426269533	0.5616200566291809	0.3767701685428619	0.8035	1.368180274963379	1.5834306478500366	-7.989510952608757
SAS_only	greedy_maxkl	6	[1823, 2048, 2049, 2050, 2051, 2052, 2053, 2054]	100.608154296875	106.4700927734375	111.53474426269533	0.5625122785568237	0.3767701685428619	0.80395	1.368180274963379	1.5835670232772827	-7.978375998222121
SAS_only	greedy_maxmean	5	[3180, 682, 1943, 1340, 2104, 1868, 1614, 1782]	112.0490951538086	123.75379180908205	131.10682678222656	0.5775155425071716	0.3767701685428619	0.78575	1.7527583837509155	2.061882495880127	-5.865430096530453
SAS_only	greedy_maxmean	6	[1823, 682, 1943, 2104, 1340, 1868, 1614, 1782]	112.1605987548828	124.30005645751952	131.10682678222656	0.5797280073165894	0.3767701685428619	0.79155	1.8016091585159304	2.079211473464966	-5.795378639230695
SAS_only	greedy_maxmin	5	[3180, 682, 1943, 1340, 1868, 1782, 1818, 1770]	112.44554138183594	121.56809997558594	131.10682678222656	0.5784368515014648	0.3767701685428619	0.79215	1.68122661113739	1.9810349941253664	-6.118983198472466
SAS_only	greedy_maxmin	6	[1823, 682, 1943, 1868, 1340, 2104, 1614, 2072]	114.34596252441406	124.2937469482422	131.10682678222656	0.5880327224731445	0.3767701685428619	0.79725	1.7796003818511963	2.0530598163604736	-5.834642260077604
SAS_only	random	5	[3185, 1275, 2122, 1307, 1844, 3174, 3143, 1922]	102.4207000732422	107.04467010498048	110.71133422851562	0.5639652609825134	0.3767701685428619	0.8069	1.4787750244140625	1.6152557134628296	-7.938591986082653
SAS_only	random	6	[2107, 1340, 1924, 2004, 1844, 1993, 1805, 1821]	103.36343383789062	110.20849609375	125.5428237915039	0.5761916041374207	0.3767701685428619	0.81765	1.4434314966201782	1.6625912189483645	-7.579014963408541
all_3_major	ancestry_balanced	5	[2306, 3075, 2768, 3087, 206, 2496, 199, 1023]	101.78408813476562	117.54541015625	125.47509765625	0.6366550922393799	0.3767701685428619	0.8976	1.4638904333114624	1.957220673561096	-7.034603521951755
all_3_major	ancestry_balanced	6	[124, 353, 230, 1705, 989, 1433, 2286, 1084]	100.01499938964844	115.69529724121094	126.775390625	0.614187479019165	0.3767701685428619	0.88545	1.3556886911392212	1.8339502811431885	-7.187926863458017
all_3_major	greedy_maxmean	5	[3028, 1482, 1056, 1325, 0, 239, 1260, 163]	108.77959442138672	127.0135498046875	138.49188232421875	0.6414912343025208	0.3767701685428619	0.88815	1.6178200244903564	2.203143835067749	-5.925129394127129
all_3_major	greedy_maxmean	6	[788, 1482, 1056, 1325, 0, 239, 1260, 163]	109.15585327148438	127.1880874633789	138.49188232421875	0.6429109573364258	0.3767701685428619	0.8931	1.6178200244903564	2.1929287910461426	-5.860896190551549
all_3_major	greedy_maxmin	5	[3028, 1482, 239, 1325, 2602, 1442, 1214, 2740]	113.17243194580078	121.44908142089844	137.66989135742188	0.6351878046989441	0.3767701685428619	0.88405	1.7127902507781982	2.020459651947021	-6.346067875930837
all_3_major	greedy_maxmin	6	[788, 1482, 985, 1325, 2602, 1442, 0, 2821]	113.48127746582033	122.49791717529295	137.20787048339844	0.6462932825088501	0.3767701685428619	0.89645	1.7127902507781982	2.0448319911956787	-6.26083678708311
all_3_major	random	5	[3058, 34, 2528, 52, 849, 3021, 2805, 1249]	97.54486083984376	114.5334701538086	124.96399688720705	0.6182573437690735	0.3767701685428619	0.8871	1.3130741119384766	1.8646706342697144	-7.319755443910711
all_3_major	random	6	[2472, 108, 1251, 1692, 848, 1644, 719, 786]	104.96665954589844	118.37779998779295	127.2713623046875	0.6437714099884033	0.3767701685428619	0.91115	1.510966420173645	1.925427794456482	-6.918303173681106
all_5	ancestry_balanced	5	[989, 1995, 3088, 3076, 2767, 496, 2674, 2565]	99.1312255859375	115.15229034423828	124.25376892089844	0.6225234270095825	0.3767701685428619	0.89445	1.3349769115447998	1.8530895709991453	-7.202430910689339
all_5	ancestry_balanced	6	[1085, 465, 562, 1433, 1161, 1495, 125, 1458]	103.97595977783205	116.2947769165039	126.5187759399414	0.6223910450935364	0.3767701685428619	0.88355	1.5078864097595217	1.8891925811767576	-7.026503106616003
all_5	greedy_maxmean	5	[3094, 1482, 2104, 947, 1325, 682, 1943, 1340]	117.1067886352539	130.56613159179688	141.4355010986328	0.6272286176681519	0.3767701685428619	0.86655	1.9401042461395264	2.338465452194214	-5.340730912962127
all_5	greedy_maxmean	6	[780, 1482, 947, 2104, 1325, 682, 1943, 1340]	118.68024444580078	130.86224365234375	141.4355010986328	0.6315092444419861	0.3767701685428619	0.87035	1.9401042461395264	2.338830709457397	-5.288085338271893
all_5	greedy_maxmin	5	[3094, 1482, 2104, 1103, 1325, 1868, 827, 1943]	119.87076568603516	129.0837860107422	140.18202209472656	0.6330092549324036	0.3767701685428619	0.8739	1.9233664274215696	2.276527404785156	-5.513359396415485
all_5	greedy_maxmin	6	[780, 1482, 1056, 1325, 1943, 2104, 1103, 682]	118.94956970214844	129.94825744628906	141.0531768798828	0.629621684551239	0.3767701685428619	0.8734	1.8972855806350708	2.292464017868042	-5.400600712399516
all_5	random	5	[3142, 52, 2468, 78, 887, 3087, 2910, 1334]	104.36474609375	110.80648040771484	117.09825134277344	0.5900990962982178	0.3767701685428619	0.84035	1.4993278980255127	1.7092193365097046	-7.545884973013842
all_5	random	6	[2404, 162, 1335, 1839, 885, 1774, 678, 776]	92.36882781982422	109.669189453125	118.084716796875	0.57487952709198	0.3767701685428619	0.81655	1.102716326713562	1.6660735607147217	-7.733425074820792
AFR_only	greedy_maxkl	5	[2961, 2339, 2340, 2341, 2342, 2344, 2345, 2347]	101.3903350830078	107.0817642211914	112.45443725585938	0.5750123262405396	0.3767701685428619	0.82565	1.415573000907898	1.618385672569275	-7.840340334468893
AFR_only	greedy_maxkl	6	[1413, 2339, 2340, 2341, 2342, 2344, 2345, 2347]	101.3903350830078	105.92359161376952	108.72441864013672	0.5621050000190735	0.3767701685428619	0.80365	1.415573000907898	1.561462640762329	-7.921499876591767
EUR_only	adversarial_family	1	[2192, 2193, 2237, 2238, 2239, 2240, 8, 11]	74.20242309570312	101.90351104736328	111.60645294189452	0.5312488079071045	0.3767701685428619	0.75175	0.7649052739143372	1.4536033868789673	-9.572037236558032
EUR_only	adversarial_family	2	[2331, 2332, 2333, 2334, 2335, 2336, 45, 2287]	75.80896759033203	101.97260284423828	112.06694793701172	0.5324576497077942	0.3767701685428619	0.7575	0.8036584258079529	1.458475947380066	-9.593121645360316
EUR_only	adversarial_family	3	[2207, 2208, 2233, 2234, 2235, 2236, 2328, 2181]	74.65252685546875	102.5333023071289	112.08924865722656	0.5300241112709045	-0.0	0.73755	0.782111644744873	1.4711860418319702	-9.539126534229064
EUR_only	adversarial_mindist	1	[8, 7, 166, 638, 162, 3093, 2244, 2301]	96.70574188232422	99.81437683105467	101.3903350830078	0.5197655558586121	0.3767701685428619	0.76625	1.262070655822754	1.3686530590057373	-8.853210805695769
EUR_only	adversarial_mindist	2	[2291, 47, 40, 2265, 638, 3091, 2254, 649]	95.7757797241211	99.21085357666016	101.212646484375	0.5133303999900818	0.3767701685428619	0.7632	1.2756993770599363	1.37679922580719	-8.942993852634558
EUR_only	adversarial_mindist	3	[2328, 1076, 25, 52, 162, 3043, 3093, 127]	96.51942443847656	100.10308074951172	102.068603515625	0.522310197353363	0.3767701685428619	0.774	1.323296070098877	1.3933576345443726	-8.81888929889464
AFR_only	adversarial_mindist	1	[871, 1701, 2653, 1715, 1742, 2513, 2683, 2510]	100.0	103.62320709228516	105.4798583984375	0.5505329370498657	0.3767701685428619	0.80365	1.406992793083191	1.5040394067764282	-8.213655972608644
AFR_only	adversarial_mindist	2	[2679, 1267, 2662, 2688, 2710, 2641, 2677, 1204]	99.77975463867188	102.8152847290039	104.36953735351562	0.5451402068138123	0.3767701685428619	0.7903	1.3821614980697632	1.4739065170288086	-8.32058494173376
AFR_only	adversarial_mindist	3	[2727, 1739, 1347, 2508, 1683, 1586, 1486, 1381]	102.23502349853516	104.52959442138672	105.8395004272461	0.5570234656333923	0.3767701685428619	0.8073	1.4229131937026978	1.510290503501892	-8.073736993989513
EAS_only	adversarial_mindist	1	[196, 1002, 2615, 2617, 848, 969, 965, 203]	92.89779663085938	95.63932037353516	97.90301513671876	0.4752349555492401	-0.0	0.70295	1.169398069381714	1.2518590688705444	-9.262520246662634
EAS_only	adversarial_mindist	2	[2439, 267, 2424, 2452, 2375, 325, 2575, 203]	90.65869903564452	94.51172637939452	96.34832763671876	0.469892144203186	-0.0	0.6928	1.152632474899292	1.2309634685516355	-9.402572076130197
EAS_only	adversarial_mindist	3	[2462, 248, 2384, 280, 259, 2616, 2528, 2618]	90.57593536376952	95.3362274169922	97.4371566772461	0.4738543927669525	-0.0	0.70225	1.115867257118225	1.2524397373199463	-9.300686195039598
SAS_only	adversarial_mindist	1	[1273, 1788, 1329, 3191, 1912, 1981, 3106, 3108]	99.09591674804688	102.48577117919922	104.26409149169922	0.5416193604469299	0.3767701685428619	0.79745	1.346333146095276	1.4513550996780396	-8.510795375900106
SAS_only	adversarial_mindist	2	[2116, 1907, 2049, 2015, 1788, 1912, 2105, 1384]	99.48869323730467	101.62850189208984	103.67738342285156	0.5393144488334656	0.3767701685428619	0.7962	1.3709405660629272	1.434191107749939	-8.59109840651971
SAS_only	adversarial_mindist	3	[2147, 1862, 2025, 2004, 2156, 2098, 1952, 2017]	99.79979705810548	102.68324279785156	104.6326904296875	0.5423189401626587	0.3767701685428619	0.79395	1.381873369216919	1.4624849557876587	-8.399365753203742
AMR_only	adversarial_mindist	1	[315, 443, 629, 614, 2919, 415, 529, 582]	97.07213592529295	100.89122009277344	103.4069595336914	0.5303619503974915	0.3767701685428619	0.78555	1.3000755310058594	1.417567014694214	-8.734610387543182
AMR_only	adversarial_mindist	2	[1050, 884, 923, 1052, 881, 942, 891, 1107]	85.6913070678711	89.3214340209961	92.2767562866211	0.4078075885772705	-0.0	0.6032	0.971569836139679	1.0805736780166626	-10.04762265388992
AMR_only	adversarial_mindist	3	[1120, 1052, 881, 891, 1107, 944, 1018, 1122]	86.42916107177734	91.60359191894533	95.33100128173828	0.4337675869464874	-0.0	0.64205	1.0042986869812012	1.1460323333740234	-9.7556380636176
EUR_AFR	adversarial_mindist	1	[19, 755, 2214, 7, 2244, 3096, 638, 3031]	97.06698608398438	101.28300476074219	103.65808868408203	0.5235835909843445	0.37677016854286194	0.7733	1.262070655822754	1.3958816528320312	-8.650607170675363
EUR_AFR	adversarial_mindist	2	[2602, 2593, 2810, 2768, 2641, 1674, 1228, 2747]	88.36288452148438	104.9293441772461	107.32194519042969	0.5624305605888367	0.37677016854286194	0.81495	1.06298828125	1.5451501607894897	-8.160822458375977
EUR_AFR	adversarial_mindist	3	[2717, 1475, 1478, 1678, 1651, 956, 1580, 2586]	101.38540649414062	103.82488250732422	105.61250305175781	0.5506251454353333	0.37677016854286194	0.79915	1.398493766784668	1.4899033308029175	-8.187823256432202
EUR_AFR	adversarial_family_mixed	1	[2192, 2193, 2237, 2238, 2239, 2240, 871, 935]	74.20242309570312	108.13706970214844	125.29564666748047	0.5841390490531921	0.37677016854286194	0.8421	0.7649052739143372	1.6871192455291748	-9.092012566428073
EUR_AFR	adversarial_family_mixed	2	[2331, 2332, 2333, 2334, 2335, 2336, 1191, 2677]	75.80896759033203	107.3395004272461	122.46632385253906	0.5772335529327393	0.37677016854286194	0.83575	0.8036584258079529	1.6687061786651611	-9.15126626002343
EUR_AFR	adversarial_family_mixed	3	[2207, 2208, 2233, 2234, 2235, 2236, 2727, 2342]	74.65252685546875	109.64427947998047	127.25957489013672	0.5884301066398621	0.37677016854286194	0.83005	0.782111644744873	1.737396478652954	-9.01075017730342
