pool	acc	p_sng	universe	strategy	min_dist	mean_dist	kl_min	heldout	p_donor	ll_gap	sng_gap	frac_below20	modality
AFR_only__adversarial_mindist__rep1	0.8259044326460057	0.8267687368810964	AFR_only	adversarial_mindist	100.0	103.62320709228516	1.406992793083191	False	0.9989545997610514	10.133406511350058	73.99424283154121	0.10364396654719235	gex
AFR_only__adversarial_mindist__rep2	0.8183726385973576	0.8187430546981109	AFR_only	adversarial_mindist	99.77975463867188	102.8152847290039	1.3821614980697632	False	0.9995475795505957	9.803743025184739	72.79269793394661	0.10556477152767305	gex
AFR_only__adversarial_mindist__rep3	0.8378812199036918	0.8383751080380294	AFR_only	adversarial_mindist	102.23502349853516	104.52959442138672	1.4229131937026978	True	0.9994108983799705	9.936954344624448	72.32135640648012	0.1122238586156112	gex
AFR_only__greedy_maxkl__rep2	0.8405976046425485	0.841091492776886	AFR_only	greedy_maxkl	112.56553649902344	119.12351989746094	1.678526520729065	False	0.9994128009395185	10.150330299471522	73.48527304756313	0.10349383440986494	gex
AFR_only__greedy_maxkl__rep3	0.8212124953697988	0.8223237436720583	AFR_only	greedy_maxkl	113.2298583984375	119.63823699951172	1.6853902339935305	True	0.9986486486486487	9.885719219219219	72.8179039039039	0.10810810810810811	gex
AFR_only__greedy_maxmean__rep1	0.8255340165452525	0.8260279046795901	AFR_only	greedy_maxmean	104.52751	120.43151	1.8868535	False	0.9994020926756353	11.069895366218237	80.46765919282511	0.08251121076233184	gex
AFR_only__greedy_maxmean__rep2	0.8270156809482652	0.8273860970490184	AFR_only	greedy_maxmean	104.52751	120.3787	1.8868535	False	0.9995523056260259	10.752499626921354	79.17257573496494	0.08744963438292792	gex
AFR_only__greedy_maxmean__rep3	0.8236819360414867	0.8239288801086554	AFR_only	greedy_maxmean	104.52751	120.66752	1.8868535	False	0.999700284729507	11.184892851790798	81.66163494680053	0.08062340776262551	gex
AFR_only__greedy_maxmin__rep1	0.8430670453142364	0.8433139893814051	AFR_only	greedy_maxmin	113.7717	120.03552	2.23535	False	0.9997071742313324	11.21153147877013	81.54238945827232	0.07906295754026355	gex
AFR_only__greedy_maxmin__rep2	0.8252870724780837	0.8256574885788369	AFR_only	greedy_maxmin	112.56554	119.12352	2.1882045	True	0.9995513683266039	11.041796022132496	80.59326155226559	0.08793180798564379	gex
AFR_only__greedy_maxmin__rep3	0.8339301148289913	0.8343005309297444	AFR_only	greedy_maxmin	113.22986	119.63824	2.2141087	False	0.9995560159834246	11.194377682403434	82.20128459375462	0.07666124019535296	gex
AFR_only__random__rep1	0.809359180145697	0.8097295962464501	AFR_only	random	103.54226	109.27419	1.8514512	False	0.9995425434583715	10.319004269594389	77.95067551082647	0.0911863372979567	gex
AFR_only__random__rep2	0.8478824546240277	0.848623286825534	AFR_only	random	104.54664	109.404625	1.8875444	False	0.9991270187690965	10.788486832533101	78.15141568456279	0.09239051360395752	gex
AFR_only__random__rep3	0.8226941597728115	0.8235584640079022	AFR_only	random	102.66937	106.53491	1.8203664	True	0.9989505247376311	10.156107946026987	75.15273763118441	0.09220389805097451	gex
AMR_only__adversarial_mindist__rep1	0.8339301148289913	0.8346709470304976	AMR_only	adversarial_mindist	97.07213592529295	100.89122009277344	1.3000755310058594	True	0.999112426035503	9.266041420118343	68.14094082840236	0.12766272189349112	gex
AMR_only__adversarial_mindist__rep2	0.8465242622545993	0.8484998147919496	AMR_only	adversarial_mindist	85.6913070678711	89.3214340209961	0.971569836139679	False	0.9976717112922002	7.413410942956927	52.942472351571595	0.20532596041909196	gex
AMR_only__adversarial_mindist__rep3	0.8483763427583653	0.8496110630942092	AMR_only	adversarial_mindist	86.42916107177734	91.60359191894533	1.0042986869812012	True	0.9985467228600494	7.492521435837815	53.429258828658625	0.19793634646127017	gex
AMR_only__greedy_maxkl__rep1	0.8435609334485739	0.8446721817508335	AMR_only	greedy_maxkl	109.18791198730467	114.7220230102539	1.597160577774048	False	0.9986844028650782	8.534464259611168	62.83714661599181	0.153340154948107	gex
AMR_only__greedy_maxkl__rep2	0.8350413631312508	0.8363995555006791	AMR_only	greedy_maxkl	110.7835693359375	115.70594787597656	1.7023320198059082	True	0.9983761440803071	8.122209920283437	60.37540596397992	0.16607617360496013	gex
AMR_only__greedy_maxkl__rep3	0.8359056673663415	0.8371403877021855	AMR_only	greedy_maxkl	111.1080551147461	114.90013885498048	1.6879433393478394	False	0.9985250737463127	8.238688790560472	61.39467404129794	0.1603244837758112	gex
AMR_only__greedy_maxmean__rep1	0.8397333004074578	0.8405976046425485	AMR_only	greedy_maxmean	97.077286	116.93925	1.6274672	False	0.9989717978848414	10.414650411280846	76.54110458284372	0.09532902467685077	gex
AMR_only__greedy_maxmean__rep2	0.8396098283738733	0.8405976046425485	AMR_only	greedy_maxmean	97.27281	118.112206	1.6340297	True	0.9988249118683902	10.11564189189189	75.005562573443	0.1076674500587544	gex
AMR_only__greedy_maxmean__rep3	0.8466477342881837	0.8472650944561056	AMR_only	greedy_maxmean	99.05049	117.412926	1.6942998	False	0.9992713494607987	10.660816088603907	77.8499533663655	0.09239288837073739	gex
AMR_only__greedy_maxmin__rep1	0.8564020249413508	0.8570193851092728	AMR_only	greedy_maxmin	109.18791	114.72202	2.0588567	False	0.9992796427027806	9.801551649618212	71.00801757671806	0.1146808817173318	gex
AMR_only__greedy_maxmin__rep2	0.8484998147919496	0.849240646993456	AMR_only	greedy_maxmin	110.78357	115.70595	2.119472	False	0.9991276533876127	9.63695987205583	70.74827711544054	0.12082000581564409	gex
AMR_only__greedy_maxmin__rep3	0.8470181503889369	0.8475120385232745	AMR_only	greedy_maxmin	111.108055	114.90014	2.1319063	True	0.9994172494172494	10.417824883449883	76.43094988344988	0.10314685314685315	gex
AMR_only__random__rep1	0.8530682800345721	0.8536856402024942	AMR_only	random	99.944984	108.27232	1.7250395	False	0.9992768296210587	9.907201330633496	70.94448221000869	0.11165750650853341	gex
AMR_only__random__rep2	0.844548709717249	0.8452895419187554	AMR_only	random	103.71596	107.51616	1.8576682	False	0.9991235758106923	9.83258691206544	71.49004236050249	0.11335086181711948	gex
AMR_only__random__rep3	0.8559081368070132	0.8564020249413508	AMR_only	random	95.01053	108.602104	1.5589077	False	0.9994232987312572	10.07550461361015	73.88192185697808	0.11058246828143022	gex
EAS_only__adversarial_mindist__rep1	0.8333127546610692	0.8351648351648352	EAS_only	adversarial_mindist	92.89779663085938	95.63932037353516	1.169398069381714	False	0.9977823772915435	8.013837965700768	58.97422087522176	0.16543465405085747	gex
EAS_only__adversarial_mindist__rep2	0.8508457834300531	0.8520805037658971	EAS_only	adversarial_mindist	90.65869903564452	94.51172637939452	1.152632474899292	True	0.9985509346471526	7.861920011592523	57.112290972322846	0.17533690769453703	gex
EAS_only__adversarial_mindist__rep3	0.8398567724410421	0.841091492776886	EAS_only	adversarial_mindist	90.57593536376952	95.3362274169922	1.115867257118225	False	0.9985320023487962	7.981470933646506	58.76538608338227	0.162507339988256	gex
EAS_only__greedy_maxkl__rep1	0.8534386961353253	0.8544264724040005	EAS_only	greedy_maxkl	105.17604064941406	108.05689239501952	1.482422113418579	True	0.9988439306358381	8.342426300578035	59.925494219653174	0.1643063583815029	gex
EAS_only__greedy_maxkl__rep2	0.8483763427583653	0.8497345351277935	EAS_only	greedy_maxkl	102.90287017822266	105.93866729736328	1.4526095390319824	False	0.9984016274338855	8.279617843650103	59.27660418482999	0.17015402499273466	gex
EAS_only__greedy_maxkl__rep3	0.8480059266576121	0.849240646993456	EAS_only	greedy_maxkl	104.01441955566406	107.6406021118164	1.4437906742095947	False	0.9985460889793545	8.351286711253271	59.615212271009014	0.1642919453329456	gex
EAS_only__greedy_maxmean__rep1	0.8282504012841091	0.8296085936535375	EAS_only	greedy_maxmean	101.04949	108.488594	1.7633773	False	0.9983628516148236	8.088938830183062	59.95729870516446	0.1595475517190058	gex
EAS_only__greedy_maxmean__rep2	0.8409680207433017	0.8419557970119768	EAS_only	greedy_maxmean	101.862656	107.79176	1.7918719	False	0.9988268074497727	8.06743950725913	59.05563572371315	0.16424695703182285	gex
EAS_only__greedy_maxmean__rep3	0.8536856402024942	0.8543030003704161	EAS_only	greedy_maxmean	102.86399	107.9199	1.8272742	False	0.9992773522185286	8.208512790865731	58.9305694464518	0.16548634195693018	gex
EAS_only__greedy_maxmin__rep1	0.8431905173478207	0.8440548215829115	EAS_only	greedy_maxmin	105.17604	108.05689	1.9103398	False	0.9989760093622001	8.426435049736687	60.95390140433002	0.15769455822118197	gex
EAS_only__greedy_maxmin__rep2	0.8543030003704161	0.8554142486726757	EAS_only	greedy_maxmin	102.90287	105.93867	1.8286557	False	0.9987009237875288	8.465848729792148	60.736111431870675	0.1527136258660508	gex
EAS_only__greedy_maxmin__rep3	0.858377577478701	0.8594888257809606	EAS_only	greedy_maxmin	104.01442	107.6406	1.8683752	True	0.9987070823157592	8.376111190920845	58.53131877603793	0.17368194224967676	gex
EAS_only__random__rep1	0.8488702308927027	0.8498580071613779	EAS_only	random	98.48858	100.94222	1.6751306	False	0.9988377161121604	8.218512276623565	59.12704634607003	0.16330088624146447	gex
EAS_only__random__rep2	0.831954562291641	0.8331892826274849	EAS_only	random	95.77578	100.570946	1.5841211	False	0.9985180794309425	8.580948429164197	62.755678719620626	0.13915234143449912	gex
EAS_only__random__rep3	0.8493641190270403	0.8509692554636374	EAS_only	random	95.362465	99.90853	1.5704783	True	0.9981137550783518	8.592337492745212	62.121434997098085	0.1556877539175856	gex
EUR_AFR__adversarial_family_mixed__rep1	0.8271391529818496	0.8282504012841091	EUR_AFR	adversarial_family_mixed	74.20242309570312	108.13706970214844	0.7649052739143372	False	0.9986583184257602	7.34250298151461	50.49286821705426	0.2407573047107931	gex
EUR_AFR__adversarial_family_mixed__rep2	0.8082479318434375	0.8115816767502161	EUR_AFR	adversarial_family_mixed	75.80896759033203	107.3395004272461	0.8036584258079529	False	0.9958922866271109	7.472965160505097	51.55113494599117	0.2333789745930321	gex
EUR_AFR__adversarial_family_mixed__rep3	0.8241758241758241	0.8261513767131745	EUR_AFR	adversarial_family_mixed	74.65252685546875	109.64427947998048	0.782111644744873	False	0.9976087281422806	7.439417127484681	51.46366014048722	0.23419518756538635	gex
EUR_AFR__adversarial_mindist__rep2	0.8293616495863687	0.8299790097542906	EUR_AFR	adversarial_mindist	88.36288452148438	104.9293441772461	1.06298828125	True	0.9992561737578102	10.106962213626897	74.07046861053259	0.10190419518000594	gex
EUR_AFR__adversarial_mindist__rep3	0.8276330411161872	0.8283738733176935	EUR_AFR	adversarial_mindist	101.38540649414062	103.82488250732422	1.398493766784668	False	0.999105678938739	10.366541958563126	75.15543598151737	0.10150544045312267	gex
EUR_AFR__ancestry_balanced__rep1	0.8454130139523398	0.8459069020866774	EUR_AFR	ancestry_balanced	102.610916	115.37739	1.8182942	False	0.9994161436286674	10.596339220551744	74.91819734345351	0.0935629835060575	gex
EUR_AFR__ancestry_balanced__rep2	0.8459069020866774	0.8461538461538461	EUR_AFR	ancestry_balanced	100.2447	114.76716	1.735401	True	0.9997081570115278	10.507450751495695	75.27177294615497	0.09411936378228514	gex
EUR_AFR__ancestry_balanced__rep3	0.8401037165082109	0.8413384368440548	EUR_AFR	ancestry_balanced	103.43114	115.73577	1.8474793	False	0.9985324332257117	10.412889638978573	73.95700469621369	0.09480481361901967	gex
EUR_AFR__greedy_maxmean__rep1	0.8403506605753797	0.8408445487097173	EUR_AFR	greedy_maxmean	111.754196	125.613	2.1567743	False	0.9994126284875183	11.025409691629955	79.40433480176212	0.08384728340675478	gex
EUR_AFR__greedy_maxmean__rep2	0.8565254969749352	0.8570193851092728	EUR_AFR	greedy_maxmean	109.128365	124.636955	2.0566115	False	0.9994237141622244	11.446141766316092	80.10491283676703	0.08024780291024348	gex
EUR_AFR__greedy_maxmean__rep3	0.8520805037658971	0.8530682800345721	EUR_AFR	greedy_maxmean	110.054535	125.45805	2.0916684	False	0.9988420900275004	11.175696917064698	78.6445896656535	0.0835142567665364	gex
EUR_AFR__greedy_maxmin__rep1	0.8335596987282381	0.8338066427954068	EUR_AFR	greedy_maxmin	114.328476	122.84393	2.257282	False	0.9997038353324449	11.234787501851029	81.2504783059381	0.07641048422923145	gex
EUR_AFR__greedy_maxmin__rep2	0.831337202123719	0.8318310902580566	EUR_AFR	greedy_maxmin	113.52533	123.48061	2.2256787	True	0.9994062639156894	11.405852753451091	82.86877838800653	0.07881846519222206	gex
EUR_AFR__greedy_maxmin__rep3	0.8599827139152982	0.8603531300160514	EUR_AFR	greedy_maxmin	114.82596	123.18687	2.2769692	False	0.9995694603903559	11.207376578645235	79.12381458094144	0.08711251435132032	gex
EUR_AFR__random__rep1	0.8538091122360786	0.8540560563032473	EUR_AFR	random	98.35649	112.82521	1.6706406	False	0.9997108573080815	10.685641173919329	75.53870897788059	0.092670232759867	gex
EUR_AFR__random__rep2	0.8154093097913323	0.8163970860600074	EUR_AFR	random	104.647026	115.491035	1.8911709	True	0.9987900786448881	10.565500604960677	76.19555202661827	0.08847549909255899	gex
EUR_AFR__random__rep3	0.8440548215829115	0.8447956537844178	EUR_AFR	random	101.15335	115.97546	1.7670039	True	0.9991230634317451	10.962258111663257	79.00021777258111	0.08827828120432622	gex
EUR_EAS__ancestry_balanced__rep1	0.8468946783553525	0.8478824546240277	EUR_EAS	ancestry_balanced	97.36529	110.09422	1.6371381	False	0.9988350080093199	9.393279452453765	67.79696956458424	0.12334352701325178	gex
EUR_EAS__ancestry_balanced__rep2	0.844548709717249	0.845166069885171	EUR_EAS	ancestry_balanced	98.44795	109.95892	1.6737492	False	0.9992695398100804	9.50182468955442	68.17701095690285	0.11994156318480642	gex
EUR_EAS__greedy_maxmean__rep1	0.8438078775157427	0.8447956537844178	EUR_EAS	greedy_maxmean	107.912	119.48134	2.0110204	False	0.9988307512423268	9.576422098801519	68.60798743057585	0.11502484653610055	gex
EUR_EAS__greedy_maxmean__rep2	0.8447956537844178	0.8452895419187554	EUR_EAS	greedy_maxmean	103.39729	118.65934	1.8462703	False	0.9994157172071283	9.713723342097575	69.7067703768624	0.11583406368682442	gex
EUR_EAS__greedy_maxmean__rep3	0.8494875910606248	0.8504753673293	EUR_EAS	greedy_maxmean	104.88565	118.9071	1.8998057	True	0.9988385598141696	9.251897502903601	65.95329849012776	0.13225900116144018	gex
EUR_EAS__greedy_maxmin__rep1	0.8472650944561056	0.8484998147919496	EUR_EAS	greedy_maxmin	110.63905	116.75554	2.113946	False	0.9985448195576252	9.70663562281723	70.19546565774156	0.12441792782305006	gex
EUR_EAS__greedy_maxmin__rep2	0.8538091122360786	0.8552907766390913	EUR_EAS	greedy_maxmin	109.49429	113.50211	2.0704272	False	0.9982676483326115	9.591305038256099	67.68577883643714	0.12487368269091959	gex
EUR_EAS__greedy_maxmin__rep3	0.8455364859859242	0.8465242622545993	EUR_EAS	greedy_maxmin	111.754196	115.529655	2.1567743	True	0.9988331388564761	9.36009772462077	68.40376312718787	0.12704200700116686	gex
EUR_EAS__random__rep1	0.8535621681689097	0.8546734164711692	EUR_EAS	random	99.50377	109.29115	1.7098422	False	0.9986997977463161	9.347653857266685	66.20223345853799	0.1291534238659347	gex
EUR_EAS__random__rep2	0.8592418817137918	0.8597357698481294	EUR_EAS	random	93.28451	108.98568	1.5027822	False	0.9994255349705586	9.162501795203218	64.79569582076691	0.13298865431566853	gex
EUR_EAS__random__rep3	0.848623286825534	0.849240646993456	EUR_EAS	random	100.76209	110.09599	1.7533611	False	0.9992730444896772	8.992279732480373	65.27150915963944	0.13855772026751964	gex
EUR_only__adversarial_family__rep1	0.8329423385603161	0.8359056673663415	EUR_only	adversarial_family	74.20242309570312	101.90351104736328	0.7649052739143372	False	0.9964549483013294	6.465524372230428	44.59337666174299	0.2654357459379616	gex
EUR_only__adversarial_family__rep2	0.8118286208173848	0.8144215335226571	EUR_only	adversarial_family	75.80896759033203	101.97260284423828	0.8036584258079529	False	0.9968162522741055	6.579862037598544	46.70072771376592	0.24636143117040632	gex
EUR_only__adversarial_family__rep3	0.8338066427954068	0.8363995555006791	EUR_only	adversarial_family	74.65252685546875	102.5333023071289	0.782111644744873	False	0.9968999114260407	6.872688219663418	46.43586359610274	0.24977856510186006	gex
EUR_only__adversarial_mindist__rep1	0.8397333004074578	0.841091492776886	EUR_only	adversarial_mindist	96.70574188232422	99.81437683105467	1.262070655822754	False	0.9983852025836759	8.942588079859073	65.08073253082796	0.13696418085731063	gex
EUR_only__adversarial_mindist__rep2	0.7991110013581924	0.8000987776268675	EUR_only	adversarial_mindist	95.7757797241211	99.21085357666016	1.2756993770599363	False	0.9987654320987654	8.532367283950617	65.54942592592593	0.12854938271604938	gex
EUR_only__adversarial_mindist__rep3	0.858377577478701	0.859612297814545	EUR_only	adversarial_mindist	96.51942443847656	100.10308074951172	1.323296070098877	True	0.9985636311404769	8.987967538063776	64.23062769319161	0.14291870152255098	gex
EUR_only__greedy_maxkl__rep1	0.8355352512655884	0.8368934436350167	EUR_only	greedy_maxkl	109.31148529052734	112.7927017211914	1.6305500268936155	False	0.9983771023900856	8.930396872233699	65.18916937149602	0.13602832694010034	gex
EUR_only__greedy_maxkl__rep2	0.8282504012841091	0.8287442894184467	EUR_only	greedy_maxkl	109.9408950805664	113.56157684326172	1.6378905773162842	False	0.9994040524433849	9.113098927294399	67.45507598331348	0.12648986889153754	gex
EUR_only__greedy_maxkl__rep3	0.8397333004074578	0.8405976046425485	EUR_only	greedy_maxkl	110.19074249267578	113.52216339111328	1.605998396873474	False	0.9989717978848414	8.963061104582843	65.05260869565217	0.14071680376028203	gex
EUR_only__greedy_maxmean__rep1	0.8402271885417952	0.8412149648104704	EUR_only	greedy_maxmean	108.64622	114.11996	2.0384786	False	0.9988257742551006	9.439012182592103	68.81337002788786	0.12211947746954352	gex
EUR_only__greedy_maxmean__rep2	0.8330658105939005	0.8343005309297444	EUR_only	greedy_maxmean	106.0943	113.955765	1.9438425	True	0.998520053278082	9.449615213852303	69.5659079473139	0.12061565783631789	gex
EUR_only__greedy_maxmean__rep3	0.8498580071613779	0.8504753673293	EUR_only	greedy_maxmean	108.04166	113.97461	2.0158558	False	0.999274099883856	9.197473867595818	66.63746515679442	0.1290650406504065	gex
EUR_only__greedy_maxmin__rep1	0.8436844054821583	0.8447956537844178	EUR_only	greedy_maxmin	109.311485	112.7927	2.0635195	False	0.9986845951476176	9.330901783104355	67.80509207833967	0.12554808535515932	gex
EUR_only__greedy_maxmin__rep2	0.8371403877021855	0.8380046919372762	EUR_only	greedy_maxmin	109.940895	113.56158	2.0873513	True	0.9989686164726683	9.208852217474584	68.1727361131575	0.12465006630322675	gex
EUR_only__greedy_maxmin__rep3	0.8482528707247808	0.8497345351277935	EUR_only	greedy_maxmin	110.19074	113.52216	2.0968492	False	0.998256320836966	9.052737576285963	65.43992734670154	0.13644289450741065	gex
EUR_only__random__rep1	0.8413384368440548	0.841708852944808	EUR_only	random	101.336075	106.89171	1.7733938	False	0.9995599237201115	9.15350154026698	67.34702361742703	0.12600850814141118	gex
EUR_only__random__rep2	0.8424496851463144	0.8434374614149895	EUR_only	random	100.68764	105.131065	1.7507707	False	0.9988288683940858	9.142191480017567	66.33716000585567	0.13380178597569903	gex
EUR_only__random__rep3	0.8544264724040005	0.8554142486726757	EUR_only	random	98.45303	104.22318	1.6739218	False	0.9988452655889145	8.861649826789838	62.63328521939954	0.14924942263279445	gex
SAS_only__adversarial_mindist__rep1	0.8371403877021855	0.8378812199036918	SAS_only	adversarial_mindist	99.09591674804688	102.48577117919922	1.346333146095276	True	0.9991158267020336	9.598682581786031	70.84115237253168	0.11184792219274978	gex
SAS_only__adversarial_mindist__rep2	0.842943573280652	0.8438078775157427	SAS_only	adversarial_mindist	99.48869323730467	101.62850189208984	1.3709405660629272	False	0.9989757096868598	9.158558677202224	67.48963418203103	0.1305238513315774	gex
SAS_only__adversarial_mindist__rep3	0.8371403877021855	0.8376342758365231	SAS_only	adversarial_mindist	99.79979705810548	102.68324279785156	1.381873369216919	True	0.9994103773584906	9.43712853773585	69.73880748820754	0.11600825471698113	gex
SAS_only__greedy_maxkl__rep1	0.848623286825534	0.8494875910606248	SAS_only	greedy_maxkl	114.44212341308594	123.1100082397461	1.7993216514587402	False	0.9989825581395348	9.646363372093022	69.13276744186047	0.12369186046511628	gex
SAS_only__greedy_maxkl__rep2	0.844548709717249	0.845166069885171	SAS_only	greedy_maxkl	113.37989044189452	121.6469268798828	1.6850566864013672	True	0.9992695398100804	9.574207450693937	69.58367567567568	0.12037983929875821	gex
SAS_only__greedy_maxkl__rep3	0.8615878503518953	0.8629460427213236	SAS_only	greedy_maxkl	113.19893646240234	121.54801177978516	1.697551965713501	True	0.9984260981542424	9.546999570754041	68.17868793818857	0.13163542709972814	gex
SAS_only__greedy_maxmean__rep1	0.8446721817508335	0.8455364859859242	SAS_only	greedy_maxmean	113.26959	123.90059	2.2156625	False	0.9989778037383178	9.884551693925234	72.39175087616823	0.10952102803738317	gex
SAS_only__greedy_maxmean__rep2	0.8330658105939005	0.8335596987282381	SAS_only	greedy_maxmean	111.04504	124.18232	2.1294885	True	0.9994074951858983	9.958640201451637	73.75459339357133	0.10057769219374907	gex
SAS_only__greedy_maxmean__rep3	0.841708852944808	0.8426966292134831	SAS_only	greedy_maxmean	111.78998	123.88989	2.1581557	True	0.9988278388278389	9.98323956043956	72.9250652014652	0.10857142857142857	gex
SAS_only__greedy_maxmin__rep1	0.8281269292505248	0.8291147055191999	SAS_only	greedy_maxmin	114.44212	123.11001	2.261772	False	0.9988086373790023	9.581788533134773	71.31240953090096	0.1125837676842889	gex
SAS_only__greedy_maxmin__rep2	0.8267687368810964	0.8271391529818496	SAS_only	greedy_maxmin	113.37989	121.64693	2.21998	False	0.999552171965965	9.953221376324825	73.14736527839976	0.10807583221376325	gex
SAS_only__greedy_maxmin__rep3	0.8426966292134831	0.843931349549327	SAS_only	greedy_maxmin	113.19894	121.54801	2.2128997	False	0.9985369422092173	9.788665691294806	71.96625457205559	0.10709583028529628	gex
SAS_only__random__rep1	0.8308433139893814	0.8314606741573034	SAS_only	random	104.3312	108.39236	1.879773	False	0.9992574992574993	9.373514998514999	69.59686961686961	0.11672111672111672	gex
SAS_only__random__rep2	0.8397333004074578	0.8404741326089641	SAS_only	random	100.48383	106.14516	1.7436903	False	0.999118554429264	9.032421037167621	65.96254590862347	0.13030703687380638	gex
SAS_only__random__rep3	0.8488702308927027	0.8498580071613779	SAS_only	random	103.06309	106.47886	1.8343545	False	0.9988377161121604	9.414737759697806	67.75564724684004	0.12668894377451692	gex
all_3_major__ancestry_balanced__rep1	0.8422027410791456	0.8430670453142364	all_3_major	ancestry_balanced	99.46356	117.08857	1.7084607	False	0.9989748096074985	10.669894551845342	75.67537346221441	0.09124194493263034	gex
all_3_major__ancestry_balanced__rep2	0.8468946783553525	0.8475120385232745	all_3_major	ancestry_balanced	95.77578	117.84472	1.5841211	True	0.9992715617715617	11.007041083916084	77.46525058275058	0.08464452214452214	gex
all_3_major__greedy_maxmean__rep1	0.8588714656130386	0.8592418817137918	all_3_major	greedy_maxmean	109.15585	127.40916	2.057648	False	0.9995689035781004	11.219070268716768	78.82110360684007	0.08578818795803995	gex
all_3_major__greedy_maxmean__rep2	0.8594888257809606	0.8598592418817138	all_3_major	greedy_maxmean	109.15585	127.56688	2.057648	True	0.9995692130959218	11.040784032165423	76.49477024698449	0.0995117748420448	gex
all_3_major__greedy_maxmean__rep3	0.859612297814545	0.8601061859488826	all_3_major	greedy_maxmean	104.78072	126.78043	1.8960065	True	0.9994257823715188	11.240544071202986	78.51617858168245	0.08785529715762273	gex
all_3_major__greedy_maxmin__rep1	0.8494875910606248	0.8498580071613779	all_3_major	greedy_maxmin	113.63978	124.889465	2.2301688	False	0.9995641435420601	11.368776696208048	81.00037047798925	0.08179572860671219	gex
all_3_major__greedy_maxmin__rep2	0.8387455241387826	0.8389924682059513	all_3_major	greedy_maxmin	115.41231	123.96844	2.3002825	False	0.9997056659308315	11.840147167034585	84.2484429727741	0.07490802060338485	gex
all_3_major__greedy_maxmin__rep3	0.8473885664896901	0.8477589825904432	all_3_major	greedy_maxmin	115.16944	123.1001	2.2906117	False	0.999563064375182	11.705371395281096	82.99730993300321	0.0742790562190504	gex
all_3_major__random__rep1	0.8210890233362144	0.8213359674033831	all_3_major	random	101.61693	115.1162	1.7832371	False	0.9996993385447985	11.202295550210463	81.52274654239328	0.07681900180396874	gex
all_3_major__random__rep2	0.8441782936164959	0.8450425978515866	all_3_major	random	104.96666	116.553856	1.9027414	True	0.9989772063120982	10.711149912331969	76.37487288135593	0.09365867913500876	gex
all_3_major__random__rep3	0.8389924682059513	0.8389924682059513	all_3_major	random	90.6587	114.803894	1.4193711	False	1.0	11.246573951434879	81.01742016188373	0.07122884473877851	gex
all_5__ancestry_balanced__rep1	0.8438078775157427	0.8441782936164959	all_5	ancestry_balanced	108.20813	116.167114	2.0220728	False	0.9995612110574813	11.288633903758958	81.34561357320462	0.08205353225098727	gex
all_5__ancestry_balanced__rep2	0.8165205580935918	0.8166440301271762	all_5	ancestry_balanced	102.38652	113.70307	1.8103502	False	0.9998488055639553	10.880718173571214	79.48752192319323	0.08557605080133052	gex
all_5__ancestry_balanced__rep3	0.8544264724040005	0.8550438325719225	all_5	ancestry_balanced	98.90399	115.023	1.6892918	True	0.9992779783393502	10.858054873646209	79.19147725631768	0.08620938628158845	gex
all_5__greedy_maxmean__rep1	0.8450425978515866	0.8454130139523398	all_5	greedy_maxmean	116.47746	130.41243	2.3429382	False	0.9995618519059442	11.52787498174383	82.71842412735505	0.07813641010661604	gex
all_5__greedy_maxmean__rep2	0.8408445487097173	0.8414619088776392	all_5	greedy_maxmean	119.23506	131.3716	2.455189	True	0.9992663242846662	11.555592076302274	83.02864710198092	0.07615553925165076	gex
all_5__greedy_maxmean__rep3	0.8444252376836646	0.8449191258180022	all_5	greedy_maxmean	119.995834	131.3383	2.4866195	True	0.9994154610550928	11.64213356714891	83.4839120268888	0.07525938915680257	gex
all_5__greedy_maxmin__rep1	0.8572663291764415	0.8575132732436104	all_5	greedy_maxmin	118.321594	128.70529	2.4177144	False	0.999712023038157	11.447059755219582	81.83640604751619	0.0783297336213103	gex
all_5__greedy_maxmin__rep2	0.8359056673663415	0.8361526114335103	all_5	greedy_maxmin	120.83046	131.23457	2.5213308	True	0.9997046662728883	11.338700531600708	82.80460868281159	0.07796810395747195	gex
all_5__greedy_maxmin__rep3	0.8449191258180022	0.8452895419187554	all_5	greedy_maxmin	120.84701	129.29747	2.5220218	True	0.9995617879053462	11.540546304411336	83.13122407245106	0.07858603564125037	gex
all_5__random__rep1	0.8459069020866774	0.8465242622545993	all_5	random	100.12492	111.40792	1.7312565	False	0.9992707117852976	10.731993873978997	75.87731330221703	0.09028588098016337	gex
all_5__random__rep2	0.8522039757994814	0.8531917520681566	all_5	random	101.76935	117.17542	1.7885907	True	0.9988422575976845	10.074788712011577	71.74503039073805	0.11201157742402315	gex
all_5__random__rep3	0.8536856402024942	0.8543030003704161	all_5	random	98.84331	112.77852	1.6872194	True	0.9992773522185286	9.822906489377077	70.32967047261165	0.11967047261164908	gex
AFR_only__adversarial_mindist__rep1	0.9159155451290283	0.9160390171626127	AFR_only	adversarial_mindist	100.0	103.62320709228516	1.406992793083191	False	0.9998652109448712	27.414383340072785	178.6748443186413	0.011322280630812778	atac
AFR_only__adversarial_mindist__rep2	0.9160390171626127	0.9160390171626127	AFR_only	adversarial_mindist	99.77975463867188	102.8152847290039	1.3821614980697632	False	1.0	27.384549130610594	177.84041784607092	0.008626499528238307	atac
AFR_only__adversarial_mindist__rep3	0.9178910976663786	0.9178910976663786	AFR_only	adversarial_mindist	102.23502349853516	104.52959442138672	1.4229131937026978	True	1.0	27.43476324993274	178.12169491525424	0.010357815442561206	atac
AFR_only__greedy_maxkl__rep2	0.9204840103716508	0.9206074824052353	AFR_only	greedy_maxkl	112.56553649902344	119.12351989746094	1.678526520729065	False	0.9998658798283262	27.517890289699572	180.5729077253219	0.0075107296137339056	atac
AFR_only__greedy_maxkl__rep3	0.918014569699963	0.9181380417335474	AFR_only	greedy_maxkl	113.2298583984375	119.63823699951172	1.6853902339935305	True	0.9998655190962883	27.322688273265197	178.22241124260356	0.009951586874663798	atac
AFR_only__greedy_maxmean__rep1	0.9172737374984566	0.9172737374984566	AFR_only	greedy_maxmean	104.52751	120.43151	1.8868535	False	1.0	29.263954771840087	188.00902544083996	0.0076726342710997444	atac
AFR_only__greedy_maxmean__rep2	0.9187554019014693	0.9187554019014693	AFR_only	greedy_maxmean	104.52751	120.3787	1.8868535	False	1.0	29.37052009138557	187.28610939389867	0.009810509340142454	atac
AFR_only__greedy_maxmean__rep3	0.9190023459686381	0.9191258180022225	AFR_only	greedy_maxmean	104.52751	120.66752	1.8868535	False	0.9998656636217088	30.188009134873724	194.8914938205266	0.006448146157979581	atac
AFR_only__greedy_maxmin__rep1	0.920237066304482	0.920237066304482	AFR_only	greedy_maxmin	113.7717	120.03552	2.23535	False	1.0	29.818648866228365	192.125553468402	0.006306185428686435	atac
AFR_only__greedy_maxmin__rep2	0.9206074824052353	0.9206074824052353	AFR_only	greedy_maxmin	112.56554	119.12352	2.1882045	True	1.0	29.13325375536481	188.134436695279	0.0065718884120171675	atac
AFR_only__greedy_maxmin__rep3	0.924929003580689	0.9250524756142734	AFR_only	greedy_maxmin	113.22986	119.63824	2.2141087	False	0.9998665242925787	30.520678056593702	196.2859983982915	0.0069407367859049655	atac
AFR_only__random__rep1	0.9198666502037288	0.9198666502037288	AFR_only	random	103.54226	109.27419	1.8514512	False	1.0	27.93912080536913	183.25252348993288	0.00912751677852349	atac
AFR_only__random__rep2	0.9213483146067416	0.9213483146067416	AFR_only	random	104.54664	109.404625	1.8875444	False	1.0	28.26426963280622	185.31091932457787	0.008844813722862504	atac
AFR_only__random__rep3	0.913322632423756	0.913322632423756	AFR_only	random	102.66937	106.53491	1.8203664	True	1.0	27.579451128836016	179.08441259970257	0.009328105988914424	atac
AMR_only__adversarial_mindist__rep1	0.917397209532041	0.9176441535992098	AMR_only	adversarial_mindist	97.07213592529295	100.89122009277344	1.3000755310058594	True	0.9997308934337998	26.65185279870829	175.25726318622173	0.008611410118406888	atac
AMR_only__adversarial_mindist__rep2	0.9108531917520681	0.911100135819237	AMR_only	adversarial_mindist	85.6913070678711	89.3214340209961	0.971569836139679	False	0.999728960563762	21.769436237972627	143.8708578398157	0.019650359127253016	atac
AMR_only__adversarial_mindist__rep3	0.9072725027781208	0.9072725027781208	AMR_only	adversarial_mindist	86.42916107177734	91.60359191894533	1.0042986869812012	True	1.0	21.760292596624932	143.8468154599891	0.020685900925421885	atac
AMR_only__greedy_maxkl__rep1	0.9048030621064329	0.9048030621064329	AMR_only	greedy_maxkl	109.18791198730467	114.7220230102539	1.597160577774048	False	1.0	23.352292576419213	154.69158296943232	0.018422489082969434	atac
AMR_only__greedy_maxkl__rep2	0.9117174959871589	0.9117174959871589	AMR_only	greedy_maxkl	110.7835693359375	115.70594787597656	1.7023320198059082	True	1.0	22.599077735644638	149.56390980498375	0.018418201516793065	atac
AMR_only__greedy_maxkl__rep3	0.9131991603901716	0.9131991603901716	AMR_only	greedy_maxkl	111.1080551147461	114.90013885498048	1.6879433393478394	False	1.0	23.22910627366144	155.5088912925906	0.016495402920497566	atac
AMR_only__greedy_maxmean__rep1	0.920854426472404	0.920854426472404	AMR_only	greedy_maxmean	97.077286	116.93925	1.6274672	False	1.0	29.130658353445966	189.6891928130866	0.006972378653794583	atac
AMR_only__greedy_maxmean__rep2	0.9156686010618595	0.9156686010618595	AMR_only	greedy_maxmean	97.27281	118.112206	1.6340297	True	1.0	27.615424757281552	178.94493392664512	0.009978425026968716	atac
AMR_only__greedy_maxmean__rep3	0.9234473391776763	0.9234473391776763	AMR_only	greedy_maxmean	99.05049	117.412926	1.6942998	False	1.0	28.374941837144004	184.93595400454606	0.008156170611044258	atac
AMR_only__greedy_maxmin__rep1	0.9197431781701445	0.9199901222373132	AMR_only	greedy_maxmin	109.18791	114.72202	2.0588567	False	0.9997315796537377	27.08811971547443	179.32746476982953	0.010199973157965374	atac
AMR_only__greedy_maxmin__rep2	0.9172737374984566	0.9172737374984566	AMR_only	greedy_maxmin	110.78357	115.70595	2.119472	False	1.0	26.782338134338403	176.30807780320364	0.01090321712208911	atac
AMR_only__greedy_maxmin__rep3	0.9207309544388196	0.9207309544388196	AMR_only	greedy_maxmin	111.108055	114.90014	2.1319063	True	1.0	28.34672656564302	184.78493093737427	0.009387153010594073	atac
AMR_only__random__rep1	0.9230769230769231	0.9230769230769231	AMR_only	random	99.944984	108.27232	1.7250395	False	1.0	27.538960674157302	180.7551498127341	0.010032102728731942	atac
AMR_only__random__rep2	0.918014569699963	0.918014569699963	AMR_only	random	103.71596	107.51616	1.8576682	False	1.0	27.3276260928043	177.72755346334904	0.009145931405514458	atac
AMR_only__random__rep3	0.920237066304482	0.920237066304482	AMR_only	random	95.01053	108.602104	1.5589077	False	1.0	28.763264457265528	188.06695290487053	0.008587146115658124	atac
EAS_only__adversarial_mindist__rep1	0.9096184714162242	0.9097419434498086	EAS_only	adversarial_mindist	92.89779663085938	95.63932037353516	1.169398069381714	False	0.9998642779587406	23.356404723127035	153.30249049945712	0.016693811074918567	atac
EAS_only__adversarial_mindist__rep2	0.9141869366588468	0.9141869366588468	EAS_only	adversarial_mindist	90.65869903564452	94.51172637939452	1.152632474899292	True	1.0	23.739263911399245	155.66718395461913	0.016072393300918423	atac
EAS_only__adversarial_mindist__rep3	0.9102358315841462	0.9102358315841462	EAS_only	adversarial_mindist	90.57593536376952	95.3362274169922	1.115867257118225	False	1.0	24.080001356483994	157.37845089527943	0.013293543136190992	atac
EAS_only__greedy_maxkl__rep1	0.9157920730954439	0.9159155451290283	EAS_only	greedy_maxkl	105.17604064941406	108.05689239501952	1.482422113418579	True	0.9998651927743327	23.53228228633055	155.1213318953896	0.015502830951739013	atac
EAS_only__greedy_maxkl__rep2	0.9123348561550809	0.9123348561550809	EAS_only	greedy_maxkl	102.90287017822266	105.93866729736328	1.4526095390319824	False	1.0	23.860699688726484	157.02241033969415	0.013668967383949113	atac
EAS_only__greedy_maxkl__rep3	0.9113470798864057	0.9113470798864057	EAS_only	greedy_maxkl	104.01441955566406	107.6406021118164	1.4437906742095947	False	1.0	23.811021541796503	156.00977916271506	0.014632163663460237	atac
EAS_only__greedy_maxmean__rep1	0.9112236078528213	0.9114705519199902	EAS_only	greedy_maxmean	101.04949	108.488594	1.7633773	False	0.999729070712544	24.06848550528312	157.75023706312652	0.013817393660254673	atac
EAS_only__greedy_maxmean__rep2	0.9113470798864057	0.9113470798864057	EAS_only	greedy_maxmean	101.862656	107.79176	1.7918719	False	1.0	24.002979271101477	157.5218032786885	0.014225714672808563	atac
EAS_only__greedy_maxmean__rep3	0.913322632423756	0.9134461044573404	EAS_only	greedy_maxmean	102.86399	107.9199	1.8272742	False	0.9998648283319816	24.070617734522845	157.52645444714787	0.015004055150040552	atac
EAS_only__greedy_maxmin__rep1	0.9135695764909249	0.9136930485245092	EAS_only	greedy_maxmin	105.17604	108.05689	1.9103398	False	0.9998648648648648	24.309843243243243	159.15353513513512	0.014324324324324324	atac
EAS_only__greedy_maxmin__rep2	0.9120879120879121	0.9120879120879121	EAS_only	greedy_maxmin	102.90287	105.93867	1.8286557	False	1.0	24.15625287667524	158.46889806416678	0.013672668200893462	atac
EAS_only__greedy_maxmin__rep3	0.9127052722558341	0.9128287442894184	EAS_only	greedy_maxmin	104.01442	107.6406	1.8683752	True	0.9998647369132964	24.13579196537265	158.71569592858108	0.014608413363992967	atac
EAS_only__random__rep1	0.9152981849611063	0.9154216569946907	EAS_only	random	98.48858	100.94222	1.6751306	False	0.9998651200431616	23.281580793094147	152.62822363096842	0.016859994604801726	atac
EAS_only__random__rep2	0.9135695764909249	0.9135695764909249	EAS_only	random	95.77578	100.570946	1.5841211	False	1.0	24.428420056764427	160.10856061629948	0.013515339910798757	atac
EAS_only__random__rep3	0.9099888875169774	0.9101123595505618	EAS_only	random	95.362465	99.90853	1.5704783	True	0.9998643331976665	24.075543345543345	157.21489350156017	0.016008682675349342	atac
EUR_AFR__adversarial_family_mixed__rep1	0.9067786146437832	0.9069020866773676	EUR_AFR	adversarial_family_mixed	74.20242309570312	108.13706970214844	0.7649052739143372	False	0.9998638529611981	19.587874744724303	120.95435125936011	0.039482641252552755	atac
EUR_AFR__adversarial_family_mixed__rep2	0.9067786146437832	0.9067786146437832	EUR_AFR	adversarial_family_mixed	75.80896759033203	107.3395004272461	0.8036584258079529	False	1.0	19.613376906318084	121.13288262527233	0.03785403050108933	atac
EUR_AFR__adversarial_family_mixed__rep3	0.9065316705766144	0.9066551426101987	EUR_AFR	adversarial_family_mixed	74.65252685546875	109.64427947998048	0.782111644744873	False	0.9998638158790685	19.95433746425167	124.2060098052567	0.03894865858640882	atac
EUR_AFR__adversarial_mindist__rep2	0.9162859612297815	0.9162859612297815	EUR_AFR	adversarial_mindist	88.36288452148438	104.9293441772461	1.06298828125	True	1.0	26.943817544805285	174.7138269774963	0.011049723756906077	atac
EUR_AFR__adversarial_mindist__rep3	0.9156686010618595	0.9157920730954439	EUR_AFR	adversarial_mindist	101.38540649414062	103.82488250732422	1.398493766784668	False	0.9998651745988945	27.359824726978562	178.68097883241202	0.010516381286234326	atac
EUR_AFR__ancestry_balanced__rep1	0.9198666502037288	0.9198666502037288	EUR_AFR	ancestry_balanced	102.610916	115.37739	1.8182942	False	1.0	28.548208053691276	182.32640402684564	0.007785234899328859	atac
EUR_AFR__ancestry_balanced__rep2	0.9209778985059884	0.9209778985059884	EUR_AFR	ancestry_balanced	100.2447	114.76716	1.735401	True	1.0	28.06194530097868	180.04907494302185	0.008312106180453143	atac
EUR_AFR__ancestry_balanced__rep3	0.9199901222373132	0.9201135942708977	EUR_AFR	ancestry_balanced	103.43114	115.73577	1.8474793	False	0.9998658078368223	28.582993827160493	182.70220611916264	0.006172839506172839	atac
EUR_AFR__greedy_maxmean__rep1	0.9244351154463514	0.9244351154463514	EUR_AFR	greedy_maxmean	111.754196	125.613	2.1567743	False	1.0	29.925891545345266	190.92897555763324	0.006544677440897556	atac
EUR_AFR__greedy_maxmean__rep2	0.9183849858007161	0.9183849858007161	EUR_AFR	greedy_maxmean	109.128365	124.636955	2.0566115	False	1.0	30.017714439365424	190.86491529981177	0.007528905619790266	atac
EUR_AFR__greedy_maxmean__rep3	0.9256698357821953	0.9256698357821953	EUR_AFR	greedy_maxmean	110.054535	125.45805	2.0916684	False	1.0	29.85771641990129	189.61657863145257	0.006402561024409764	atac
EUR_AFR__greedy_maxmin__rep1	0.9198666502037288	0.9199901222373132	EUR_AFR	greedy_maxmin	114.328476	122.84393	2.257282	False	0.9998657898268689	29.622637229902026	189.44642329888606	0.006710508656556167	atac
EUR_AFR__greedy_maxmin__rep2	0.9201135942708977	0.9201135942708977	EUR_AFR	greedy_maxmin	113.52533	123.48061	2.2256787	True	1.0	29.920622651637146	193.49708668813741	0.007112184648416533	atac
EUR_AFR__greedy_maxmin__rep3	0.9193727620693913	0.9193727620693913	EUR_AFR	greedy_maxmin	114.82596	123.18687	2.2769692	False	1.0	29.99202390545259	191.78229787805532	0.006312113886650551	atac
EUR_AFR__random__rep1	0.9209778985059884	0.9209778985059884	EUR_AFR	random	98.35649	112.82521	1.6706406	False	1.0	29.22114090360638	187.50405148143182	0.006167046520981365	atac
EUR_AFR__random__rep2	0.9214717866403259	0.9214717866403259	EUR_AFR	random	104.647026	115.491035	1.8911709	True	1.0	28.137156639421146	180.94480637813214	0.008039662334181965	atac
EUR_AFR__random__rep3	0.9220891468082479	0.9220891468082479	EUR_AFR	random	101.15335	115.97546	1.7670039	True	1.0	29.0764796464917	185.48920728441348	0.008837707552222818	atac
EUR_EAS__ancestry_balanced__rep1	0.917397209532041	0.9175206815656254	EUR_EAS	ancestry_balanced	97.36529	110.09422	1.6371381	False	0.9998654286098776	26.153341407616743	167.8390983716862	0.010900282599919257	atac
EUR_EAS__ancestry_balanced__rep2	0.9176441535992098	0.9176441535992098	EUR_EAS	ancestry_balanced	98.44795	109.95892	1.6737492	False	1.0	26.23921824542519	169.3448533369214	0.008880516684607105	atac
EUR_EAS__greedy_maxmean__rep1	0.9182615137671317	0.9182615137671317	EUR_EAS	greedy_maxmean	107.912	119.48134	2.0110204	False	1.0	26.95439424499126	173.37496571198065	0.01008471157724889	atac
EUR_EAS__greedy_maxmean__rep2	0.9193727620693913	0.9193727620693913	EUR_EAS	greedy_maxmean	103.39729	118.65934	1.8462703	False	1.0	27.11906124093473	174.69218103679827	0.008863819500402902	atac
EUR_EAS__greedy_maxmean__rep3	0.9169033213977035	0.9169033213977035	EUR_EAS	greedy_maxmean	104.88565	118.9071	1.8998057	True	1.0	26.53025181793698	170.8856315647724	0.012254241852949098	atac
EUR_EAS__greedy_maxmin__rep1	0.9182615137671317	0.9182615137671317	EUR_EAS	greedy_maxmin	110.63905	116.75554	2.113946	False	1.0	27.459888395858545	180.73957778674196	0.007260992335619202	atac
EUR_EAS__greedy_maxmin__rep2	0.9188788739350537	0.9188788739350537	EUR_EAS	greedy_maxmin	109.49429	113.50211	2.0704272	False	1.0	27.034254232733137	174.23209083579684	0.00819672131147541	atac
EUR_EAS__greedy_maxmin__rep3	0.9143104086924312	0.9143104086924312	EUR_EAS	greedy_maxmin	111.754196	115.529655	2.1567743	True	1.0	27.11764618501013	177.36606212018904	0.010263335584064821	atac
EUR_EAS__random__rep1	0.9155451290282751	0.9155451290282751	EUR_EAS	random	99.50377	109.29115	1.7098422	False	1.0	26.07346594740391	167.6865138233311	0.01038435603506406	atac
EUR_EAS__random__rep2	0.9187554019014693	0.9188788739350537	EUR_EAS	random	93.28451	108.98568	1.5027822	False	0.999865627519484	26.078546089760817	167.32256651437785	0.010884170921795217	atac
EUR_EAS__random__rep3	0.9212248425731572	0.9212248425731572	EUR_EAS	random	100.76209	110.09599	1.7533611	False	1.0	25.508829915560916	166.50736496448198	0.010186302104275567	atac
EUR_only__adversarial_family__rep1	0.9082602790467958	0.9086306951475491	EUR_only	adversarial_family	74.20242309570312	101.90351104736328	0.7649052739143372	False	0.9995923359152059	18.106426144856638	112.9402513928523	0.0426688408751189	atac
EUR_only__adversarial_family__rep2	0.9103593036177305	0.910482775651315	EUR_only	adversarial_family	75.80896759033203	101.97260284423828	0.8036584258079529	False	0.9998643883916464	18.153740168158393	114.2372972606455	0.04203959858963927	atac
EUR_only__adversarial_family__rep3	0.9034448697370046	0.903568341770589	EUR_only	adversarial_family	74.65252685546875	102.5333023071289	0.782111644744873	False	0.999863350642252	18.368111505875923	114.28208663569282	0.041268106039901616	atac
EUR_only__adversarial_mindist__rep1	0.9169033213977035	0.9169033213977035	EUR_only	adversarial_mindist	96.70574188232422	99.81437683105467	1.262070655822754	False	1.0	25.34717748451387	165.9148491785618	0.011311607864260706	atac
EUR_only__adversarial_mindist__rep2	0.9159155451290283	0.916162489196197	EUR_only	adversarial_mindist	95.7757797241211	99.21085357666016	1.2756993770599363	False	0.9997304582210242	24.717893530997305	162.0508935309973	0.013881401617250674	atac
EUR_only__adversarial_mindist__rep3	0.9155451290282751	0.9155451290282751	EUR_only	adversarial_mindist	96.51942443847656	100.10308074951172	1.323296070098877	True	1.0	25.788122724207685	167.2985259608901	0.010249494268374916	atac
EUR_only__greedy_maxkl__rep1	0.9150512408939375	0.9150512408939375	EUR_only	greedy_maxkl	109.31148529052734	112.7927017211914	1.6305500268936155	False	1.0	25.617304007556335	166.6448508973148	0.011334502766158413	atac
EUR_only__greedy_maxkl__rep2	0.9129522163230028	0.9129522163230028	EUR_only	greedy_maxkl	109.9408950805664	113.56157684326172	1.6378905773162842	False	1.0	25.306125236678387	165.8879375169056	0.012577765756018393	atac
EUR_only__greedy_maxkl__rep3	0.9122113841214965	0.9122113841214965	EUR_only	greedy_maxkl	110.19074249267578	113.52216339111328	1.605998396873474	False	1.0	25.328345966432053	165.48303600433132	0.012994044396318355	atac
EUR_only__greedy_maxmean__rep1	0.9187554019014693	0.9187554019014693	EUR_only	greedy_maxmean	108.64622	114.11996	2.0384786	False	1.0	26.41895712941809	173.47259508130628	0.01061685257357882	atac
EUR_only__greedy_maxmean__rep2	0.9162859612297815	0.9162859612297815	EUR_only	greedy_maxmean	106.0943	113.955765	1.9438425	True	1.0	26.442948389704892	173.50965638054168	0.010645465570677807	atac
EUR_only__greedy_maxmean__rep3	0.916779849364119	0.916779849364119	EUR_only	greedy_maxmean	108.04166	113.97461	2.0158558	False	1.0	26.644453872053873	174.87221144781142	0.008888888888888889	atac
EUR_only__greedy_maxmin__rep1	0.9160390171626127	0.9160390171626127	EUR_only	greedy_maxmin	109.311485	112.7927	2.0635195	False	1.0	26.344065237902683	172.53004582827873	0.012804960237228737	atac
EUR_only__greedy_maxmin__rep2	0.9119644400543276	0.9120879120879121	EUR_only	greedy_maxmin	109.940895	113.56158	2.0873513	True	0.9998646270475159	26.45265872478679	172.64327602545012	0.010017598483822932	atac
EUR_only__greedy_maxmin__rep3	0.9162859612297815	0.9162859612297815	EUR_only	greedy_maxmin	110.19074	113.52216	2.0968492	False	1.0	26.349285810537662	172.06177334591024	0.01091497102816332	atac
EUR_only__random__rep1	0.9140634646252623	0.9140634646252623	EUR_only	random	101.336075	106.89171	1.7733938	False	1.0	25.72801296771579	168.11709982439552	0.01080642982574632	atac
EUR_only__random__rep2	0.9183849858007161	0.9183849858007161	EUR_only	random	100.68764	105.131065	1.7507707	False	1.0	26.062726539392308	171.09635789190642	0.010352245227211615	atac
EUR_only__random__rep3	0.9156686010618595	0.9156686010618595	EUR_only	random	98.45303	104.22318	1.6739218	False	1.0	25.482245145631065	166.43942826321467	0.012405609492988134	atac
SAS_only__adversarial_mindist__rep1	0.9164094332633659	0.9164094332633659	SAS_only	adversarial_mindist	99.09591674804688	102.48577117919922	1.346333146095276	True	1.0	26.962041228779302	175.77931689571545	0.009431420102398275	atac
SAS_only__adversarial_mindist__rep2	0.915174712927522	0.9152981849611063	SAS_only	adversarial_mindist	99.48869323730467	101.62850189208984	1.3709405660629272	False	0.9998651018481047	26.495993524888707	172.8344705247538	0.010522055847834885	atac
SAS_only__adversarial_mindist__rep3	0.9159155451290283	0.9160390171626127	SAS_only	adversarial_mindist	99.79979705810548	102.68324279785156	1.381873369216919	True	0.9998652109448712	26.63420946219167	173.85320932740262	0.010378757244911713	atac
SAS_only__greedy_maxkl__rep1	0.9172737374984566	0.9172737374984566	SAS_only	greedy_maxkl	114.44212341308594	123.1100082397461	1.7993216514587402	False	1.0	26.537612060842644	173.7364019383497	0.009960963790550545	atac
SAS_only__greedy_maxkl__rep2	0.9191258180022225	0.9192492900358069	SAS_only	greedy_maxkl	113.37989044189452	121.6469268798828	1.6850566864013672	True	0.9998656816655473	26.2867844190732	172.40990732034922	0.011685695097380792	atac
SAS_only__greedy_maxkl__rep3	0.9124583281886652	0.9124583281886652	SAS_only	greedy_maxkl	113.19893646240234	121.54801177978516	1.697551965713501	True	1.0	26.796970230040593	174.4715953991881	0.008119079837618403	atac
SAS_only__greedy_maxmean__rep1	0.9135695764909249	0.9135695764909249	SAS_only	greedy_maxmean	113.26959	123.90059	2.2156625	False	1.0	27.872147587511826	182.57147587511827	0.007433436950939316	atac
SAS_only__greedy_maxmean__rep2	0.916779849364119	0.9169033213977035	SAS_only	greedy_maxmean	111.04504	124.18232	2.1294885	True	0.9998653380016159	28.27974414220307	184.9433584702397	0.008079719903043361	atac
SAS_only__greedy_maxmean__rep3	0.9171502654648722	0.9172737374984566	SAS_only	greedy_maxmean	111.78998	123.88989	2.1581557	True	0.9998653923812088	28.231379728092612	184.35266792300445	0.008345672365055862	atac
SAS_only__greedy_maxmin__rep1	0.9172737374984566	0.9172737374984566	SAS_only	greedy_maxmin	114.44212	123.11001	2.261772	False	1.0	27.126902678691614	178.26396823260197	0.008614887602638309	atac
SAS_only__greedy_maxmin__rep2	0.9171502654648722	0.9172737374984566	SAS_only	greedy_maxmin	113.37989	121.64693	2.21998	False	0.9998653923812088	28.065125858123572	183.52127608022616	0.007807241889890968	atac
SAS_only__greedy_maxmin__rep3	0.9140634646252623	0.9140634646252623	SAS_only	greedy_maxmin	113.19894	121.54801	2.2128997	False	1.0	28.057592867756313	182.87117519924357	0.008510063487775226	atac
SAS_only__random__rep1	0.9183849858007161	0.9183849858007161	SAS_only	random	104.3312	108.39236	1.879773	False	1.0	26.870457112126914	176.263920408712	0.009948910997579994	atac
SAS_only__random__rep2	0.9143104086924312	0.9143104086924312	SAS_only	random	100.48383	106.14516	1.7436903	False	1.0	26.212723835246454	170.58077920324104	0.012424037812288994	atac
SAS_only__random__rep3	0.9183849858007161	0.9185084578343006	SAS_only	random	103.06309	106.47886	1.8343545	False	0.9998655733297486	27.39058206748219	177.07504906573465	0.010485280279607474	atac
all_3_major__ancestry_balanced__rep1	0.9219656747746635	0.9220891468082479	all_3_major	ancestry_balanced	99.46356	117.08857	1.7084607	False	0.9998660953401178	29.2861395286556	186.11275575790037	0.006695232994108195	atac
all_3_major__ancestry_balanced__rep2	0.9232003951105074	0.9232003951105074	all_3_major	ancestry_balanced	95.77578	117.84472	1.5841211	True	1.0	28.95693058713388	183.07411662431454	0.006419687040256788	atac
all_3_major__greedy_maxmean__rep1	0.9233238671440919	0.9233238671440919	all_3_major	greedy_maxmean	109.15585	127.40916	2.057648	False	1.0	30.44600026745119	192.49620353035573	0.007622358919497192	atac
all_3_major__greedy_maxmean__rep2	0.916779849364119	0.916779849364119	all_3_major	greedy_maxmean	109.15585	127.56688	2.057648	True	1.0	30.476579124579125	192.90871515151514	0.006195286195286196	atac
all_3_major__greedy_maxmean__rep3	0.9193727620693913	0.9193727620693913	all_3_major	greedy_maxmean	104.78072	126.78043	1.8960065	True	1.0	30.362805533172175	192.1222253558958	0.006715014773032501	atac
all_3_major__greedy_maxmin__rep1	0.9234473391776763	0.9234473391776763	all_3_major	greedy_maxmin	113.63978	124.889465	2.2301688	False	1.0	30.441756919374246	195.38836208049204	0.006284262601952133	atac
all_3_major__greedy_maxmin__rep2	0.9204840103716508	0.9206074824052353	all_3_major	greedy_maxmin	115.41231	123.96844	2.3002825	False	0.9998658798283262	30.82749597639485	197.05916845493562	0.006974248927038627	atac
all_3_major__greedy_maxmin__rep3	0.9229534510433387	0.9229534510433387	all_3_major	greedy_maxmin	115.16944	123.1001	2.2906117	False	1.0	30.757820735785952	197.03521872909698	0.005752508361204014	atac
all_3_major__random__rep1	0.9196197061365601	0.9196197061365601	all_3_major	random	101.61693	115.1162	1.7832371	False	1.0	30.21048603651987	193.04973147153598	0.00738453276047261	atac
all_3_major__random__rep2	0.9177676256327941	0.9178910976663786	all_3_major	random	104.96666	116.553856	1.9027414	True	0.9998654829163304	28.619126984126982	181.03592816787733	0.00712940543449018	atac
all_3_major__random__rep3	0.9193727620693913	0.9193727620693913	all_3_major	random	90.6587	114.803894	1.4193711	False	1.0	29.865925329035722	190.33482809562182	0.00550631211388665	atac
all_5__ancestry_balanced__rep1	0.916162489196197	0.916162489196197	all_5	ancestry_balanced	108.20813	116.167114	2.0220728	False	1.0	30.0526846361186	193.112897574124	0.005256064690026954	atac
all_5__ancestry_balanced__rep2	0.9256698357821953	0.9256698357821953	all_5	ancestry_balanced	102.38652	113.70307	1.8103502	False	1.0	28.8340656262505	183.9800453514739	0.008269974656529278	atac
all_5__ancestry_balanced__rep3	0.9215952586739103	0.9215952586739103	all_5	ancestry_balanced	98.90399	115.023	1.6892918	True	1.0	30.40195203644159	196.28460209003217	0.00710075026795284	atac
all_5__greedy_maxmean__rep1	0.9214717866403259	0.9214717866403259	all_5	greedy_maxmean	116.47746	130.41243	2.3429382	False	1.0	30.793166287015943	198.32899236232078	0.005359774889454643	atac
all_5__greedy_maxmean__rep2	0.9192492900358069	0.9192492900358069	all_5	greedy_maxmean	119.23506	131.3716	2.455189	True	1.0	30.536648757555408	197.1062753525856	0.005372733378106112	atac
all_5__greedy_maxmean__rep3	0.9211013705395728	0.9213483146067416	all_5	greedy_maxmean	119.995834	131.3383	2.4866195	True	0.9997319753417314	30.634246850710266	197.65566068078263	0.00737067810238542	atac
all_5__greedy_maxmin__rep1	0.9244351154463514	0.9244351154463514	all_5	greedy_maxmin	118.321594	128.70529	2.4177144	False	1.0	30.920205689862428	199.45647655936955	0.006277547749432349	atac
all_5__greedy_maxmin__rep2	0.9220891468082479	0.9220891468082479	all_5	greedy_maxmin	120.83046	131.23457	2.5213308	True	1.0	30.66155463310123	197.60782137118372	0.005623995715050884	atac
all_5__greedy_maxmin__rep3	0.9206074824052353	0.9206074824052353	all_5	greedy_maxmin	120.84701	129.29747	2.5220218	True	1.0	30.918296673819743	198.73167918454934	0.006169527896995708	atac
all_5__random__rep1	0.9223360908754167	0.9223360908754167	all_5	random	100.12492	111.40792	1.7312565	False	1.0	28.216236947791167	181.59148728246316	0.009504685408299867	atac
all_5__random__rep2	0.9198666502037288	0.9198666502037288	all_5	random	101.76935	117.17542	1.7885907	True	1.0	28.192546308724832	183.4756630872483	0.00832214765100671	atac
all_5__random__rep3	0.9164094332633659	0.9164094332633659	all_5	random	98.84331	112.77852	1.6872194	True	1.0	27.93666127728375	180.85876178927512	0.007410401509027217	atac
