pool	acc	p_sng	universe	strategy	min_dist	mean_dist	kl_min	heldout	p_donor	ll_gap_mean	ll_gap_p5	n_snps_med	err_per_1k	modality
AFR_only__adversarial_mindist__rep1	0.8259044326460057	0.8267687368810964	AFR_only	adversarial_mindist	100.0	103.62320709228516	1.406992793083191	False	0.9989545997610514	10.133406511350058	-0.81	2784.0	1.0454002389486128	gex
AFR_only__adversarial_mindist__rep2	0.8183726385973576	0.8187430546981109	AFR_only	adversarial_mindist	99.77975463867188	102.8152847290039	1.3821614980697632	False	0.9995475795505957	9.803743025184739	-0.82	2794.0	0.4524204494043005	gex
AFR_only__adversarial_mindist__rep3	0.8378812199036918	0.8383751080380294	AFR_only	adversarial_mindist	102.23502349853516	104.52959442138672	1.4229131937026978	True	0.9994108983799705	9.936954344624448	-0.89	2790.0	0.589101620029453	gex
AFR_only__greedy_maxkl__rep2	0.8405976046425485	0.841091492776886	AFR_only	greedy_maxkl	112.56553649902344	119.12351989746094	1.678526520729065	False	0.9994128009395185	10.150330299471522	-0.78	2785.0	0.5871990604815469	gex
AFR_only__greedy_maxkl__rep3	0.8212124953697988	0.8223237436720583	AFR_only	greedy_maxkl	113.2298583984375	119.63823699951172	1.6853902339935305	True	0.9986486486486487	9.885719219219219	-0.74	2762.5	1.3513513513513375	gex
AFR_only__greedy_maxmean__rep1	0.8255340165452525	0.8260279046795901	AFR_only	greedy_maxmean	104.52751	120.43151	1.8868535	False	0.9994020926756353	11.069895366218237	-0.7154999999999995	2810.0	0.5979073243647104	gex
AFR_only__greedy_maxmean__rep2	0.8270156809482652	0.8273860970490184	AFR_only	greedy_maxmean	104.52751	120.3787	1.8868535	False	0.9995523056260259	10.752499626921354	-0.75	2784.0	0.4476943739740724	gex
AFR_only__greedy_maxmean__rep3	0.8236819360414867	0.8239288801086554	AFR_only	greedy_maxmean	104.52751	120.66752	1.8868535	False	0.999700284729507	11.184892851790798	-0.7539999999999998	2769.0	0.29971527049299507	gex
AFR_only__greedy_maxmin__rep1	0.8430670453142364	0.8433139893814051	AFR_only	greedy_maxmin	113.7717	120.03552	2.23535	False	0.9997071742313324	11.21153147877013	-0.6254999999999995	2790.0	0.2928257686676261	gex
AFR_only__greedy_maxmin__rep2	0.8252870724780837	0.8256574885788369	AFR_only	greedy_maxmin	112.56554	119.12352	2.1882045	True	0.9995513683266039	11.041796022132496	-0.62	2793.0	0.4486316733961493	gex
AFR_only__greedy_maxmin__rep3	0.8339301148289913	0.8343005309297444	AFR_only	greedy_maxmin	113.22986	119.63824	2.2141087	False	0.9995560159834246	11.194377682403434	-0.6619999999999999	2774.0	0.4439840165754161	gex
AFR_only__random__rep1	0.809359180145697	0.8097295962464501	AFR_only	random	103.54226	109.27419	1.8514512	False	0.9995425434583715	10.319004269594389	-0.81	2788.5	0.45745654162854255	gex
AFR_only__random__rep2	0.8478824546240277	0.848623286825534	AFR_only	random	104.54664	109.404625	1.8875444	False	0.9991270187690965	10.788486832533101	-0.68	2799.0	0.8729812309035134	gex
AFR_only__random__rep3	0.8226941597728115	0.8235584640079022	AFR_only	random	102.66937	106.53491	1.8203664	True	0.9989505247376311	10.156107946026987	-0.8454999999999995	2796.5	1.0494752623688708	gex
AMR_only__adversarial_mindist__rep1	0.8339301148289913	0.8346709470304976	AMR_only	adversarial_mindist	97.07213592529295	100.89122009277344	1.3000755310058594	True	0.999112426035503	9.266041420118343	-0.85	2809.0	0.8875739644970126	gex
AMR_only__adversarial_mindist__rep2	0.8465242622545993	0.8484998147919496	AMR_only	adversarial_mindist	85.6913070678711	89.3214340209961	0.971569836139679	False	0.9976717112922002	7.413410942956927	-0.97	2805.5	2.328288707799775	gex
AMR_only__adversarial_mindist__rep3	0.8483763427583653	0.8496110630942092	AMR_only	adversarial_mindist	86.42916107177734	91.60359191894533	1.0042986869812012	True	0.9985467228600494	7.492521435837815	-0.92	2808.0	1.4532771399505817	gex
AMR_only__greedy_maxkl__rep1	0.8435609334485739	0.8446721817508335	AMR_only	greedy_maxkl	109.18791198730467	114.7220230102539	1.597160577774048	False	0.9986844028650782	8.534464259611168	-0.94	2780.0	1.3155971349217976	gex
AMR_only__greedy_maxkl__rep2	0.8350413631312508	0.8363995555006791	AMR_only	greedy_maxkl	110.7835693359375	115.70594787597656	1.7023320198059082	True	0.9983761440803071	8.122209920283437	-0.91	2809.5	1.6238559196929403	gex
AMR_only__greedy_maxkl__rep3	0.8359056673663415	0.8371403877021855	AMR_only	greedy_maxkl	111.1080551147461	114.90013885498048	1.6879433393478394	False	0.9985250737463127	8.238688790560472	-0.96	2796.5	1.474926253687281	gex
AMR_only__greedy_maxmean__rep1	0.8397333004074578	0.8405976046425485	AMR_only	greedy_maxmean	97.077286	116.93925	1.6274672	False	0.9989717978848414	10.414650411280846	-0.67	2784.0	1.0282021151586385	gex
AMR_only__greedy_maxmean__rep2	0.8396098283738733	0.8405976046425485	AMR_only	greedy_maxmean	97.27281	118.112206	1.6340297	True	0.9988249118683902	10.11564189189189	-0.83	2785.0	1.175088131609825	gex
AMR_only__greedy_maxmean__rep3	0.8466477342881837	0.8472650944561056	AMR_only	greedy_maxmean	99.05049	117.412926	1.6942998	False	0.9992713494607987	10.660816088603907	-0.7	2772.0	0.7286505392013476	gex
AMR_only__greedy_maxmin__rep1	0.8564020249413508	0.8570193851092728	AMR_only	greedy_maxmin	109.18791	114.72202	2.0588567	False	0.9992796427027806	9.801551649618212	-0.85	2796.0	0.7203572972194205	gex
AMR_only__greedy_maxmin__rep2	0.8484998147919496	0.849240646993456	AMR_only	greedy_maxmin	110.78357	115.70595	2.119472	False	0.9991276533876127	9.63695987205583	-0.82	2796.0	0.8723466123873314	gex
AMR_only__greedy_maxmin__rep3	0.8470181503889369	0.8475120385232745	AMR_only	greedy_maxmin	111.108055	114.90014	2.1319063	True	0.9994172494172494	10.417824883449883	-0.7069999999999993	2784.0	0.5827505827505908	gex
AMR_only__random__rep1	0.8530682800345721	0.8536856402024942	AMR_only	random	99.944984	108.27232	1.7250395	False	0.9992768296210587	9.907201330633496	-0.67	2788.5	0.723170378941318	gex
AMR_only__random__rep2	0.844548709717249	0.8452895419187554	AMR_only	random	103.71596	107.51616	1.8576682	False	0.9991235758106923	9.83258691206544	-0.73	2803.0	0.8764241893076674	gex
AMR_only__random__rep3	0.8559081368070132	0.8564020249413508	AMR_only	random	95.01053	108.602104	1.5589077	False	0.9994232987312572	10.07550461361015	-0.7	2794.0	0.5767012687427631	gex
EAS_only__adversarial_mindist__rep1	0.8333127546610692	0.8351648351648352	EAS_only	adversarial_mindist	92.89779663085938	95.63932037353516	1.169398069381714	False	0.9977823772915435	8.013837965700768	-0.92	2813.0	2.2176227084564903	gex
EAS_only__adversarial_mindist__rep2	0.8508457834300531	0.8520805037658971	EAS_only	adversarial_mindist	90.65869903564452	94.51172637939452	1.152632474899292	True	0.9985509346471526	7.861920011592523	-0.9	2778.0	1.4490653528473896	gex
EAS_only__adversarial_mindist__rep3	0.8398567724410421	0.841091492776886	EAS_only	adversarial_mindist	90.57593536376952	95.3362274169922	1.115867257118225	False	0.9985320023487962	7.981470933646506	-0.92	2814.0	1.4679976512037562	gex
EAS_only__greedy_maxkl__rep1	0.8534386961353253	0.8544264724040005	EAS_only	greedy_maxkl	105.17604064941406	108.05689239501952	1.482422113418579	True	0.9988439306358381	8.342426300578035	-0.89	2778.0	1.1560693641619046	gex
EAS_only__greedy_maxkl__rep2	0.8483763427583653	0.8497345351277935	EAS_only	greedy_maxkl	102.90287017822266	105.93866729736328	1.4526095390319824	False	0.9984016274338855	8.279617843650103	-0.86	2804.5	1.5983725661145032	gex
EAS_only__greedy_maxkl__rep3	0.8480059266576121	0.849240646993456	EAS_only	greedy_maxkl	104.01441955566406	107.6406021118164	1.4437906742095947	False	0.9985460889793545	8.351286711253271	-0.8914999999999997	2786.5	1.4539110206455153	gex
EAS_only__greedy_maxmean__rep1	0.8282504012841091	0.8296085936535375	EAS_only	greedy_maxmean	101.04949	108.488594	1.7633773	False	0.9983628516148236	8.088938830183062	-0.98	2791.0	1.637148385176368	gex
EAS_only__greedy_maxmean__rep2	0.8409680207433017	0.8419557970119768	EAS_only	greedy_maxmean	101.862656	107.79176	1.7918719	False	0.9988268074497727	8.06743950725913	-0.96	2781.0	1.1731925502272977	gex
EAS_only__greedy_maxmean__rep3	0.8536856402024942	0.8543030003704161	EAS_only	greedy_maxmean	102.86399	107.9199	1.8272742	False	0.9992773522185286	8.208512790865731	-0.9	2789.0	0.7226477814713528	gex
EAS_only__greedy_maxmin__rep1	0.8431905173478207	0.8440548215829115	EAS_only	greedy_maxmin	105.17604	108.05689	1.9103398	False	0.9989760093622001	8.426435049736687	-0.99	2787.5	1.0239906377998986	gex
EAS_only__greedy_maxmin__rep2	0.8543030003704161	0.8554142486726757	EAS_only	greedy_maxmin	102.90287	105.93867	1.8286557	False	0.9987009237875288	8.465848729792148	-0.93	2791.5	1.299076212471162	gex
EAS_only__greedy_maxmin__rep3	0.858377577478701	0.8594888257809606	EAS_only	greedy_maxmin	104.01442	107.6406	1.8683752	True	0.9987070823157592	8.376111190920845	-0.87	2810.0	1.2929176842407797	gex
EAS_only__random__rep1	0.8488702308927027	0.8498580071613779	EAS_only	random	98.48858	100.94222	1.6751306	False	0.9988377161121604	8.218512276623565	-0.94	2814.0	1.1622838878395658	gex
EAS_only__random__rep2	0.831954562291641	0.8331892826274849	EAS_only	random	95.77578	100.570946	1.5841211	False	0.9985180794309425	8.580948429164197	-0.94	2807.0	1.4819205690574933	gex
EAS_only__random__rep3	0.8493641190270403	0.8509692554636374	EAS_only	random	95.362465	99.90853	1.5704783	True	0.9981137550783518	8.592337492745212	-0.95	2809.5	1.886244921648239	gex
EUR_AFR__adversarial_family_mixed__rep1	0.8271391529818496	0.8282504012841091	EUR_AFR	adversarial_family_mixed	74.20242309570312	108.13706970214844	0.7649052739143372	False	0.9986583184257602	7.34250298151461	-0.9064999999999998	2793.5	1.3416815742397503	gex
EUR_AFR__adversarial_family_mixed__rep2	0.8082479318434375	0.8115816767502161	EUR_AFR	adversarial_family_mixed	75.80896759033203	107.3395004272461	0.8036584258079529	False	0.9958922866271109	7.472965160505097	-0.9639999999999997	2785.0	4.107713372889066	gex
EUR_AFR__adversarial_family_mixed__rep3	0.8241758241758241	0.8261513767131745	EUR_AFR	adversarial_family_mixed	74.65252685546875	109.64427947998048	0.782111644744873	False	0.9976087281422806	7.439417127484681	-0.94	2785.0	2.391271857719368	gex
EUR_AFR__adversarial_mindist__rep2	0.8293616495863687	0.8299790097542906	EUR_AFR	adversarial_mindist	88.36288452148438	104.9293441772461	1.06298828125	True	0.9992561737578102	10.106962213626897	-0.8594999999999998	2810.0	0.7438262421898267	gex
EUR_AFR__adversarial_mindist__rep3	0.8276330411161872	0.8283738733176935	EUR_AFR	adversarial_mindist	101.38540649414062	103.82488250732422	1.398493766784668	False	0.999105678938739	10.366541958563126	-0.7159999999999996	2782.0	0.894321061260972	gex
EUR_AFR__ancestry_balanced__rep1	0.8454130139523398	0.8459069020866774	EUR_AFR	ancestry_balanced	102.610916	115.37739	1.8182942	False	0.9994161436286674	10.596339220551744	-0.65	2787.0	0.583856371332625	gex
EUR_AFR__ancestry_balanced__rep2	0.8459069020866774	0.8461538461538461	EUR_AFR	ancestry_balanced	100.2447	114.76716	1.735401	True	0.9997081570115278	10.507450751495695	-0.7079999999999995	2790.0	0.2918429884721796	gex
EUR_AFR__ancestry_balanced__rep3	0.8401037165082109	0.8413384368440548	EUR_AFR	ancestry_balanced	103.43114	115.73577	1.8474793	False	0.9985324332257117	10.412889638978573	-0.75	2779.5	1.4675667742882759	gex
EUR_AFR__greedy_maxmean__rep1	0.8403506605753797	0.8408445487097173	EUR_AFR	greedy_maxmean	111.754196	125.613	2.1567743	False	0.9994126284875183	11.025409691629955	-0.6	2776.5	0.5873715124816714	gex
EUR_AFR__greedy_maxmean__rep2	0.8565254969749352	0.8570193851092728	EUR_AFR	greedy_maxmean	109.128365	124.636955	2.0566115	False	0.9994237141622244	11.446141766316092	-0.56	2791.0	0.5762858377755808	gex
EUR_AFR__greedy_maxmean__rep3	0.8520805037658971	0.8530682800345721	EUR_AFR	greedy_maxmean	110.054535	125.45805	2.0916684	False	0.9988420900275004	11.175696917064698	-0.65	2778.0	1.1579099724996489	gex
EUR_AFR__greedy_maxmin__rep1	0.8335596987282381	0.8338066427954068	EUR_AFR	greedy_maxmin	114.328476	122.84393	2.257282	False	0.9997038353324449	11.234787501851029	-0.59	2779.0	0.29616466755510995	gex
EUR_AFR__greedy_maxmin__rep2	0.831337202123719	0.8318310902580566	EUR_AFR	greedy_maxmin	113.52533	123.48061	2.2256787	True	0.9994062639156894	11.405852753451091	-0.69	2794.0	0.5937360843105699	gex
EUR_AFR__greedy_maxmin__rep3	0.8599827139152982	0.8603531300160514	EUR_AFR	greedy_maxmin	114.82596	123.18687	2.2769692	False	0.9995694603903559	11.207376578645235	-0.6	2780.5	0.4305396096441205	gex
EUR_AFR__random__rep1	0.8538091122360786	0.8540560563032473	EUR_AFR	random	98.35649	112.82521	1.6706406	False	0.9997108573080815	10.685641173919329	-0.7	2781.0	0.28914269191848696	gex
EUR_AFR__random__rep2	0.8154093097913323	0.8163970860600074	EUR_AFR	random	104.647026	115.491035	1.8911709	True	0.9987900786448881	10.565500604960677	-0.68	2796.0	1.209921355111887	gex
EUR_AFR__random__rep3	0.8440548215829115	0.8447956537844178	EUR_AFR	random	101.15335	115.97546	1.7670039	True	0.9991230634317451	10.962258111663257	-0.69	2767.0	0.8769365682549379	gex
EUR_EAS__ancestry_balanced__rep1	0.8468946783553525	0.8478824546240277	EUR_EAS	ancestry_balanced	97.36529	110.09422	1.6371381	False	0.9988350080093199	9.393279452453765	-0.82	2786.0	1.1649919906800976	gex
EUR_EAS__ancestry_balanced__rep2	0.844548709717249	0.845166069885171	EUR_EAS	ancestry_balanced	98.44795	109.95892	1.6737492	False	0.9992695398100804	9.50182468955442	-0.84	2769.0	0.7304601899196239	gex
EUR_EAS__greedy_maxmean__rep1	0.8438078775157427	0.8447956537844178	EUR_EAS	greedy_maxmean	107.912	119.48134	2.0110204	False	0.9988307512423268	9.576422098801519	-0.71	2805.0	1.1692487576732136	gex
EUR_EAS__greedy_maxmean__rep2	0.8447956537844178	0.8452895419187554	EUR_EAS	greedy_maxmean	103.39729	118.65934	1.8462703	False	0.9994157172071283	9.713723342097575	-0.81	2786.0	0.5842827928717043	gex
EUR_EAS__greedy_maxmean__rep3	0.8494875910606248	0.8504753673293	EUR_EAS	greedy_maxmean	104.88565	118.9071	1.8998057	True	0.9988385598141696	9.251897502903601	-0.86	2770.5	1.1614401858304202	gex
EUR_EAS__greedy_maxmin__rep1	0.8472650944561056	0.8484998147919496	EUR_EAS	greedy_maxmin	110.63905	116.75554	2.113946	False	0.9985448195576252	9.70663562281723	-0.69	2780.0	1.4551804423748038	gex
EUR_EAS__greedy_maxmin__rep2	0.8538091122360786	0.8552907766390913	EUR_EAS	greedy_maxmin	109.49429	113.50211	2.0704272	False	0.9982676483326115	9.591305038256099	-0.78	2793.0	1.7323516673884987	gex
EUR_EAS__greedy_maxmin__rep3	0.8455364859859242	0.8465242622545993	EUR_EAS	greedy_maxmin	111.754196	115.529655	2.1567743	True	0.9988331388564761	9.36009772462077	-0.86	2803.5	1.166861143523934	gex
EUR_EAS__random__rep1	0.8535621681689097	0.8546734164711692	EUR_EAS	random	99.50377	109.29115	1.7098422	False	0.9986997977463161	9.347653857266685	-0.9	2792.5	1.3002022536838798	gex
EUR_EAS__random__rep2	0.8592418817137918	0.8597357698481294	EUR_EAS	random	93.28451	108.98568	1.5027822	False	0.9994255349705586	9.162501795203218	-0.78	2793.0	0.5744650294413622	gex
EUR_EAS__random__rep3	0.848623286825534	0.849240646993456	EUR_EAS	random	100.76209	110.09599	1.7533611	False	0.9992730444896772	8.992279732480373	-0.86	2791.5	0.7269555103227576	gex
EUR_only__adversarial_family__rep1	0.8329423385603161	0.8359056673663415	EUR_only	adversarial_family	74.20242309570312	101.90351104736328	0.7649052739143372	False	0.9964549483013294	6.465524372230428	-1.0054999999999996	2794.5	3.545051698670587	gex
EUR_only__adversarial_family__rep2	0.8118286208173848	0.8144215335226571	EUR_only	adversarial_family	75.80896759033203	101.97260284423828	0.8036584258079529	False	0.9968162522741055	6.579862037598544	-1.02	2791.5	3.18374772589447	gex
EUR_only__adversarial_family__rep3	0.8338066427954068	0.8363995555006791	EUR_only	adversarial_family	74.65252685546875	102.5333023071289	0.782111644744873	False	0.9968999114260407	6.872688219663418	-1.0034999999999996	2800.5	3.10008857395927	gex
EUR_only__adversarial_mindist__rep1	0.8397333004074578	0.841091492776886	EUR_only	adversarial_mindist	96.70574188232422	99.81437683105467	1.262070655822754	False	0.9983852025836759	8.942588079859073	-0.73	2787.5	1.6147974163240875	gex
EUR_only__adversarial_mindist__rep2	0.7991110013581924	0.8000987776268675	EUR_only	adversarial_mindist	95.7757797241211	99.21085357666016	1.2756993770599363	False	0.9987654320987654	8.532367283950617	-0.98	2788.0	1.2345679012345512	gex
EUR_only__adversarial_mindist__rep3	0.858377577478701	0.859612297814545	EUR_only	adversarial_mindist	96.51942443847656	100.10308074951172	1.323296070098877	True	0.9985636311404769	8.987967538063776	-0.82	2797.0	1.4363688595231405	gex
EUR_only__greedy_maxkl__rep1	0.8355352512655884	0.8368934436350167	EUR_only	greedy_maxkl	109.31148529052734	112.7927017211914	1.6305500268936155	False	0.9983771023900856	8.930396872233699	-0.85	2792.5	1.6228976099144088	gex
EUR_only__greedy_maxkl__rep2	0.8282504012841091	0.8287442894184467	EUR_only	greedy_maxkl	109.9408950805664	113.56157684326172	1.6378905773162842	False	0.9994040524433849	9.113098927294399	-0.91	2790.0	0.5959475566150729	gex
EUR_only__greedy_maxkl__rep3	0.8397333004074578	0.8405976046425485	EUR_only	greedy_maxkl	110.19074249267578	113.52216339111328	1.605998396873474	False	0.9989717978848414	8.963061104582843	-0.9364999999999998	2792.0	1.0282021151586385	gex
EUR_only__greedy_maxmean__rep1	0.8402271885417952	0.8412149648104704	EUR_only	greedy_maxmean	108.64622	114.11996	2.0384786	False	0.9988257742551006	9.439012182592103	-0.88	2785.0	1.1742257448994486	gex
EUR_only__greedy_maxmean__rep2	0.8330658105939005	0.8343005309297444	EUR_only	greedy_maxmean	106.0943	113.955765	1.9438425	True	0.998520053278082	9.449615213852303	-0.8019999999999999	2792.0	1.4799467219179796	gex
EUR_only__greedy_maxmean__rep3	0.8498580071613779	0.8504753673293	EUR_only	greedy_maxmean	108.04166	113.97461	2.0158558	False	0.999274099883856	9.197473867595818	-0.8164999999999998	2778.0	0.7259001161440404	gex
EUR_only__greedy_maxmin__rep1	0.8436844054821583	0.8447956537844178	EUR_only	greedy_maxmin	109.311485	112.7927	2.0635195	False	0.9986845951476176	9.330901783104355	-0.8194999999999999	2798.5	1.3154048523823514	gex
EUR_only__greedy_maxmin__rep2	0.8371403877021855	0.8380046919372762	EUR_only	greedy_maxmin	109.940895	113.56158	2.0873513	True	0.9989686164726683	9.208852217474584	-0.81	2792.0	1.0313835273316752	gex
EUR_only__greedy_maxmin__rep3	0.8482528707247808	0.8497345351277935	EUR_only	greedy_maxmin	110.19074	113.52216	2.0968492	False	0.998256320836966	9.052737576285963	-0.84	2791.5	1.7436791630339732	gex
EUR_only__random__rep1	0.8413384368440548	0.841708852944808	EUR_only	random	101.336075	106.89171	1.7733938	False	0.9995599237201115	9.15350154026698	-0.84	2794.0	0.4400762798885127	gex
EUR_only__random__rep2	0.8424496851463144	0.8434374614149895	EUR_only	random	100.68764	105.131065	1.7507707	False	0.9988288683940858	9.142191480017567	-0.77	2790.0	1.1711316059141996	gex
EUR_only__random__rep3	0.8544264724040005	0.8554142486726757	EUR_only	random	98.45303	104.22318	1.6739218	False	0.9988452655889145	8.861649826789838	-0.83	2809.0	1.1547344110854896	gex
SAS_only__adversarial_mindist__rep1	0.8371403877021855	0.8378812199036918	SAS_only	adversarial_mindist	99.09591674804688	102.48577117919922	1.346333146095276	True	0.9991158267020336	9.598682581786031	-0.74	2809.0	0.8841732979664174	gex
SAS_only__adversarial_mindist__rep2	0.842943573280652	0.8438078775157427	SAS_only	adversarial_mindist	99.48869323730467	101.62850189208984	1.3709405660629272	False	0.9989757096868598	9.158558677202224	-0.8234999999999996	2790.0	1.0242903131402192	gex
SAS_only__adversarial_mindist__rep3	0.8371403877021855	0.8376342758365231	SAS_only	adversarial_mindist	99.79979705810548	102.68324279785156	1.381873369216919	True	0.9994103773584906	9.43712853773585	-0.69	2776.0	0.589622641509413	gex
SAS_only__greedy_maxkl__rep1	0.848623286825534	0.8494875910606248	SAS_only	greedy_maxkl	114.44212341308594	123.1100082397461	1.7993216514587402	False	0.9989825581395348	9.646363372093022	-0.7704999999999995	2807.0	1.0174418604651514	gex
SAS_only__greedy_maxkl__rep2	0.844548709717249	0.845166069885171	SAS_only	greedy_maxkl	113.37989044189452	121.6469268798828	1.6850566864013672	True	0.9992695398100804	9.574207450693937	-0.71	2800.0	0.7304601899196239	gex
SAS_only__greedy_maxkl__rep3	0.8615878503518953	0.8629460427213236	SAS_only	greedy_maxkl	113.19893646240234	121.54801177978516	1.697551965713501	True	0.9984260981542424	9.546999570754041	-0.85	2790.0	1.5739018457575638	gex
SAS_only__greedy_maxmean__rep1	0.8446721817508335	0.8455364859859242	SAS_only	greedy_maxmean	113.26959	123.90059	2.2156625	False	0.9989778037383178	9.884551693925234	-0.72	2773.0	1.0221962616822067	gex
SAS_only__greedy_maxmean__rep2	0.8330658105939005	0.8335596987282381	SAS_only	greedy_maxmean	111.04504	124.18232	2.1294885	True	0.9994074951858983	9.958640201451637	-0.79	2791.0	0.5925048141016687	gex
SAS_only__greedy_maxmean__rep3	0.841708852944808	0.8426966292134831	SAS_only	greedy_maxmean	111.78998	123.88989	2.1581557	True	0.9988278388278389	9.98323956043956	-0.79	2785.0	1.1721611721611236	gex
SAS_only__greedy_maxmin__rep1	0.8281269292505248	0.8291147055191999	SAS_only	greedy_maxmin	114.44212	123.11001	2.261772	False	0.9988086373790023	9.581788533134773	-0.79	2782.0	1.1913626209977268	gex
SAS_only__greedy_maxmin__rep2	0.8267687368810964	0.8271391529818496	SAS_only	greedy_maxmin	113.37989	121.64693	2.21998	False	0.999552171965965	9.953221376324825	-0.87	2781.0	0.4478280340349805	gex
SAS_only__greedy_maxmin__rep3	0.8426966292134831	0.843931349549327	SAS_only	greedy_maxmin	113.19894	121.54801	2.2128997	False	0.9985369422092173	9.788665691294806	-0.96	2783.0	1.463057790782707	gex
SAS_only__random__rep1	0.8308433139893814	0.8314606741573034	SAS_only	random	104.3312	108.39236	1.879773	False	0.9992574992574993	9.373514998514999	-0.86	2809.5	0.7425007425007069	gex
SAS_only__random__rep2	0.8397333004074578	0.8404741326089641	SAS_only	random	100.48383	106.14516	1.7436903	False	0.999118554429264	9.032421037167621	-0.84	2799.0	0.8814455707359947	gex
SAS_only__random__rep3	0.8488702308927027	0.8498580071613779	SAS_only	random	103.06309	106.47886	1.8343545	False	0.9988377161121604	9.414737759697806	-0.83	2787.0	1.1622838878395658	gex
all_3_major__ancestry_balanced__rep1	0.8422027410791456	0.8430670453142364	all_3_major	ancestry_balanced	99.46356	117.08857	1.7084607	False	0.9989748096074985	10.669894551845342	-0.68	2787.0	1.025190392501485	gex
all_3_major__ancestry_balanced__rep2	0.8468946783553525	0.8475120385232745	all_3_major	ancestry_balanced	95.77578	117.84472	1.5841211	True	0.9992715617715617	11.007041083916084	-0.6	2790.5	0.7284382284382662	gex
all_3_major__greedy_maxmean__rep1	0.8588714656130386	0.8592418817137918	all_3_major	greedy_maxmean	109.15585	127.40916	2.057648	False	0.9995689035781004	11.219070268716768	-0.6209999999999997	2778.0	0.43109642189964603	gex
all_3_major__greedy_maxmean__rep2	0.8594888257809606	0.8598592418817138	all_3_major	greedy_maxmean	109.15585	127.56688	2.057648	True	0.9995692130959218	11.040784032165423	-0.6284999999999996	2780.0	0.430786904078162	gex
all_3_major__greedy_maxmean__rep3	0.859612297814545	0.8601061859488826	all_3_major	greedy_maxmean	104.78072	126.78043	1.8960065	True	0.9994257823715188	11.240544071202986	-0.48	2781.5	0.5742176284811995	gex
all_3_major__greedy_maxmin__rep1	0.8494875910606248	0.8498580071613779	all_3_major	greedy_maxmin	113.63978	124.889465	2.2301688	False	0.9995641435420601	11.368776696208048	-0.6289999999999998	2783.0	0.43585645793986494	gex
all_3_major__greedy_maxmin__rep2	0.8387455241387826	0.8389924682059513	all_3_major	greedy_maxmin	115.41231	123.96844	2.3002825	False	0.9997056659308315	11.840147167034585	-0.66	2784.0	0.29433406916845595	gex
all_3_major__greedy_maxmin__rep3	0.8473885664896901	0.8477589825904432	all_3_major	greedy_maxmin	115.16944	123.1001	2.2906117	False	0.999563064375182	11.705371395281096	-0.46	2775.0	0.4369356248179468	gex
all_3_major__random__rep1	0.8210890233362144	0.8213359674033831	all_3_major	random	101.61693	115.1162	1.7832371	False	0.9996993385447985	11.202295550210463	-0.65	2781.5	0.3006614552014675	gex
all_3_major__random__rep2	0.8441782936164959	0.8450425978515866	all_3_major	random	104.96666	116.553856	1.9027414	True	0.9989772063120982	10.711149912331969	-0.72	2779.0	1.022793687901813	gex
all_3_major__random__rep3	0.8389924682059513	0.8389924682059513	all_3_major	random	90.6587	114.803894	1.4193711	False	1.0	11.246573951434879	-0.74	2783.0	0.0	gex
all_5__ancestry_balanced__rep1	0.8438078775157427	0.8441782936164959	all_5	ancestry_balanced	108.20813	116.167114	2.0220728	False	0.9995612110574813	11.288633903758958	-0.68	2781.0	0.4387889425186975	gex
all_5__ancestry_balanced__rep2	0.8165205580935918	0.8166440301271762	all_5	ancestry_balanced	102.38652	113.70307	1.8103502	False	0.9998488055639553	10.880718173571214	-0.7334999999999996	2774.5	0.1511944360447215	gex
all_5__ancestry_balanced__rep3	0.8544264724040005	0.8550438325719225	all_5	ancestry_balanced	98.90399	115.023	1.6892918	True	0.9992779783393502	10.858054873646209	-0.57	2781.0	0.7220216606498298	gex
all_5__greedy_maxmean__rep1	0.8450425978515866	0.8454130139523398	all_5	greedy_maxmean	116.47746	130.41243	2.3429382	False	0.9995618519059442	11.52787498174383	-0.57	2769.0	0.43814809405584576	gex
all_5__greedy_maxmean__rep2	0.8408445487097173	0.8414619088776392	all_5	greedy_maxmean	119.23506	131.3716	2.455189	True	0.9992663242846662	11.555592076302274	-0.7	2786.0	0.7336757153337814	gex
all_5__greedy_maxmean__rep3	0.8444252376836646	0.8449191258180022	all_5	greedy_maxmean	119.995834	131.3383	2.4866195	True	0.9994154610550928	11.64213356714891	-0.59	2792.0	0.5845389449071758	gex
all_5__greedy_maxmin__rep1	0.8572663291764415	0.8575132732436104	all_5	greedy_maxmin	118.321594	128.70529	2.4177144	False	0.999712023038157	11.447059755219582	-0.6659999999999991	2779.0	0.28797696184301724	gex
all_5__greedy_maxmin__rep2	0.8359056673663415	0.8361526114335103	all_5	greedy_maxmin	120.83046	131.23457	2.5213308	True	0.9997046662728883	11.338700531600708	-0.66	2775.0	0.2953337271116574	gex
all_5__greedy_maxmin__rep3	0.8449191258180022	0.8452895419187554	all_5	greedy_maxmin	120.84701	129.29747	2.5220218	True	0.9995617879053462	11.540546304411336	-0.58	2784.0	0.4382120946537782	gex
all_5__random__rep1	0.8459069020866774	0.8465242622545993	all_5	random	100.12492	111.40792	1.7312565	False	0.9992707117852976	10.731993873978997	-0.6725000000000001	2779.0	0.7292882147024171	gex
all_5__random__rep2	0.8522039757994814	0.8531917520681566	all_5	random	101.76935	117.17542	1.7885907	True	0.9988422575976845	10.074788712011577	-0.7854999999999995	2809.0	1.1577424023154759	gex
all_5__random__rep3	0.8536856402024942	0.8543030003704161	all_5	random	98.84331	112.77852	1.6872194	True	0.9992773522185286	9.822906489377077	-0.7109999999999996	2801.0	0.7226477814713528	gex
AFR_only__adversarial_mindist__rep1	0.9159155451290283	0.9160390171626127	AFR_only	adversarial_mindist	100.0	103.62320709228516	1.406992793083191	False	0.9998652109448712	27.414383340072785	1.28	6004.0	0.13478905512875894	atac
AFR_only__adversarial_mindist__rep2	0.9160390171626127	0.9160390171626127	AFR_only	adversarial_mindist	99.77975463867188	102.8152847290039	1.3821614980697632	False	1.0	27.384549130610594	1.19	5993.0	0.0	atac
AFR_only__adversarial_mindist__rep3	0.9178910976663786	0.9178910976663786	AFR_only	adversarial_mindist	102.23502349853516	104.52959442138672	1.4229131937026978	True	1.0	27.43476324993274	1.2465000000000004	6007.0	0.0	atac
AFR_only__greedy_maxkl__rep2	0.9204840103716508	0.9206074824052353	AFR_only	greedy_maxkl	112.56553649902344	119.12351989746094	1.678526520729065	False	0.9998658798283262	27.517890289699572	1.52	6009.0	0.13412017167380164	atac
AFR_only__greedy_maxkl__rep3	0.918014569699963	0.9181380417335474	AFR_only	greedy_maxkl	113.2298583984375	119.63823699951172	1.6853902339935305	True	0.9998655190962883	27.322688273265197	1.2225	5994.5	0.13448090371170895	atac
AFR_only__greedy_maxmean__rep1	0.9172737374984566	0.9172737374984566	AFR_only	greedy_maxmean	104.52751	120.43151	1.8868535	False	1.0	29.263954771840087	1.432000000000001	5988.0	0.0	atac
AFR_only__greedy_maxmean__rep2	0.9187554019014693	0.9187554019014693	AFR_only	greedy_maxmean	104.52751	120.3787	1.8868535	False	1.0	29.37052009138557	1.63	5992.0	0.0	atac
AFR_only__greedy_maxmean__rep3	0.9190023459686381	0.9191258180022225	AFR_only	greedy_maxmean	104.52751	120.66752	1.8868535	False	0.9998656636217088	30.188009134873724	1.7330000000000008	5986.0	0.13433637829118883	atac
AFR_only__greedy_maxmin__rep1	0.920237066304482	0.920237066304482	AFR_only	greedy_maxmin	113.7717	120.03552	2.23535	False	1.0	29.818648866228365	1.68	5979.0	0.0	atac
AFR_only__greedy_maxmin__rep2	0.9206074824052353	0.9206074824052353	AFR_only	greedy_maxmin	112.56554	119.12352	2.1882045	True	1.0	29.13325375536481	1.48	5996.5	0.0	atac
AFR_only__greedy_maxmin__rep3	0.924929003580689	0.9250524756142734	AFR_only	greedy_maxmin	113.22986	119.63824	2.2141087	False	0.9998665242925787	30.520678056593702	1.8855	5986.5	0.13347570742128223	atac
AFR_only__random__rep1	0.9198666502037288	0.9198666502037288	AFR_only	random	103.54226	109.27419	1.8514512	False	1.0	27.93912080536913	1.309000000000001	6029.0	0.0	atac
AFR_only__random__rep2	0.9213483146067416	0.9213483146067416	AFR_only	random	104.54664	109.404625	1.8875444	False	1.0	28.26426963280622	1.42	6005.0	0.0	atac
AFR_only__random__rep3	0.913322632423756	0.913322632423756	AFR_only	random	102.66937	106.53491	1.8203664	True	1.0	27.579451128836016	1.25	6025.0	0.0	atac
AMR_only__adversarial_mindist__rep1	0.917397209532041	0.9176441535992098	AMR_only	adversarial_mindist	97.07213592529295	100.89122009277344	1.3000755310058594	True	0.9997308934337998	26.65185279870829	1.2055	6032.5	0.26910656620016127	atac
AMR_only__adversarial_mindist__rep2	0.9108531917520681	0.911100135819237	AMR_only	adversarial_mindist	85.6913070678711	89.3214340209961	0.971569836139679	False	0.999728960563762	21.769436237972627	0.7690000000000003	6029.0	0.2710394362379631	atac
AMR_only__adversarial_mindist__rep3	0.9072725027781208	0.9072725027781208	AMR_only	adversarial_mindist	86.42916107177734	91.60359191894533	1.0042986869812012	True	1.0	21.760292596624932	0.65	6041.0	0.0	atac
AMR_only__greedy_maxkl__rep1	0.9048030621064329	0.9048030621064329	AMR_only	greedy_maxkl	109.18791198730467	114.7220230102539	1.597160577774048	False	1.0	23.352292576419213	0.8135000000000002	6022.5	0.0	atac
AMR_only__greedy_maxkl__rep2	0.9117174959871589	0.9117174959871589	AMR_only	greedy_maxkl	110.7835693359375	115.70594787597656	1.7023320198059082	True	1.0	22.599077735644638	0.65	6029.0	0.0	atac
AMR_only__greedy_maxkl__rep3	0.9131991603901716	0.9131991603901716	AMR_only	greedy_maxkl	111.1080551147461	114.90013885498048	1.6879433393478394	False	1.0	23.22910627366144	0.82	6021.0	0.0	atac
AMR_only__greedy_maxmean__rep1	0.920854426472404	0.920854426472404	AMR_only	greedy_maxmean	97.077286	116.93925	1.6274672	False	1.0	29.130658353445966	1.6470000000000005	5990.0	0.0	atac
AMR_only__greedy_maxmean__rep2	0.9156686010618595	0.9156686010618595	AMR_only	greedy_maxmean	97.27281	118.112206	1.6340297	True	1.0	27.615424757281552	1.3675000000000002	6031.0	0.0	atac
AMR_only__greedy_maxmean__rep3	0.9234473391776763	0.9234473391776763	AMR_only	greedy_maxmean	99.05049	117.412926	1.6942998	False	1.0	28.374941837144004	1.43	6011.0	0.0	atac
AMR_only__greedy_maxmin__rep1	0.9197431781701445	0.9199901222373132	AMR_only	greedy_maxmin	109.18791	114.72202	2.0588567	False	0.9997315796537377	27.08811971547443	1.35	6027.0	0.26842034626228806	atac
AMR_only__greedy_maxmin__rep2	0.9172737374984566	0.9172737374984566	AMR_only	greedy_maxmin	110.78357	115.70595	2.119472	False	1.0	26.782338134338403	1.2180000000000006	6006.0	0.0	atac
AMR_only__greedy_maxmin__rep3	0.9207309544388196	0.9207309544388196	AMR_only	greedy_maxmin	111.108055	114.90014	2.1319063	True	1.0	28.34672656564302	1.4480000000000002	6024.0	0.0	atac
AMR_only__random__rep1	0.9230769230769231	0.9230769230769231	AMR_only	random	99.944984	108.27232	1.7250395	False	1.0	27.538960674157302	1.18	6005.0	0.0	atac
AMR_only__random__rep2	0.918014569699963	0.918014569699963	AMR_only	random	103.71596	107.51616	1.8576682	False	1.0	27.3276260928043	1.14	6049.0	0.0	atac
AMR_only__random__rep3	0.920237066304482	0.920237066304482	AMR_only	random	95.01053	108.602104	1.5589077	False	1.0	28.763264457265528	1.38	6002.0	0.0	atac
EAS_only__adversarial_mindist__rep1	0.9096184714162242	0.9097419434498086	EAS_only	adversarial_mindist	92.89779663085938	95.63932037353516	1.169398069381714	False	0.9998642779587406	23.356404723127035	0.7	6048.0	0.1357220412594451	atac
EAS_only__adversarial_mindist__rep2	0.9141869366588468	0.9141869366588468	EAS_only	adversarial_mindist	90.65869903564452	94.51172637939452	1.152632474899292	True	1.0	23.739263911399245	0.87	6048.0	0.0	atac
EAS_only__adversarial_mindist__rep3	0.9102358315841462	0.9102358315841462	EAS_only	adversarial_mindist	90.57593536376952	95.3362274169922	1.115867257118225	False	1.0	24.080001356483994	0.8155000000000001	6039.5	0.0	atac
EAS_only__greedy_maxkl__rep1	0.9157920730954439	0.9159155451290283	EAS_only	greedy_maxkl	105.17604064941406	108.05689239501952	1.482422113418579	True	0.9998651927743327	23.53228228633055	0.83	6027.5	0.1348072256672772	atac
EAS_only__greedy_maxkl__rep2	0.9123348561550809	0.9123348561550809	EAS_only	greedy_maxkl	102.90287017822266	105.93866729736328	1.4526095390319824	False	1.0	23.860699688726484	0.9840000000000003	6031.0	0.0	atac
EAS_only__greedy_maxkl__rep3	0.9113470798864057	0.9113470798864057	EAS_only	greedy_maxkl	104.01441955566406	107.6406021118164	1.4437906742095947	False	1.0	23.811021541796503	0.93	6056.0	0.0	atac
EAS_only__greedy_maxmean__rep1	0.9112236078528213	0.9114705519199902	EAS_only	greedy_maxmean	101.04949	108.488594	1.7633773	False	0.999729070712544	24.06848550528312	1.1	6043.0	0.2709292874559788	atac
EAS_only__greedy_maxmean__rep2	0.9113470798864057	0.9113470798864057	EAS_only	greedy_maxmean	101.862656	107.79176	1.7918719	False	1.0	24.002979271101477	0.61	6015.0	0.0	atac
EAS_only__greedy_maxmean__rep3	0.913322632423756	0.9134461044573404	EAS_only	greedy_maxmean	102.86399	107.9199	1.8272742	False	0.9998648283319816	24.070617734522845	0.8570000000000004	6043.0	0.13517166801835234	atac
EAS_only__greedy_maxmin__rep1	0.9135695764909249	0.9136930485245092	EAS_only	greedy_maxmin	105.17604	108.05689	1.9103398	False	0.9998648648648648	24.309843243243243	0.8095000000000006	6043.0	0.13513513513518927	atac
EAS_only__greedy_maxmin__rep2	0.9120879120879121	0.9120879120879121	EAS_only	greedy_maxmin	102.90287	105.93867	1.8286557	False	1.0	24.15625287667524	0.91	6028.0	0.0	atac
EAS_only__greedy_maxmin__rep3	0.9127052722558341	0.9128287442894184	EAS_only	greedy_maxmin	104.01442	107.6406	1.8683752	True	0.9998647369132964	24.13579196537265	0.87	6028.0	0.13526308670364084	atac
EAS_only__random__rep1	0.9152981849611063	0.9154216569946907	EAS_only	random	98.48858	100.94222	1.6751306	False	0.9998651200431616	23.281580793094147	0.7995000000000011	6040.0	0.13487995683836296	atac
EAS_only__random__rep2	0.9135695764909249	0.9135695764909249	EAS_only	random	95.77578	100.570946	1.5841211	False	1.0	24.428420056764427	1.12	6022.0	0.0	atac
EAS_only__random__rep3	0.9099888875169774	0.9101123595505618	EAS_only	random	95.362465	99.90853	1.5704783	True	0.9998643331976665	24.075543345543345	0.87	6051.0	0.13566680233345618	atac
EUR_AFR__adversarial_family_mixed__rep1	0.9067786146437832	0.9069020866773676	EUR_AFR	adversarial_family_mixed	74.20242309570312	108.13706970214844	0.7649052739143372	False	0.9998638529611981	19.587874744724303	0.49	6003.0	0.13614703880193701	atac
EUR_AFR__adversarial_family_mixed__rep2	0.9067786146437832	0.9067786146437832	EUR_AFR	adversarial_family_mixed	75.80896759033203	107.3395004272461	0.8036584258079529	False	1.0	19.613376906318084	0.81	6003.5	0.0	atac
EUR_AFR__adversarial_family_mixed__rep3	0.9065316705766144	0.9066551426101987	EUR_AFR	adversarial_family_mixed	74.65252685546875	109.64427947998048	0.782111644744873	False	0.9998638158790685	19.95433746425167	0.53	5981.0	0.1361841209315262	atac
EUR_AFR__adversarial_mindist__rep2	0.9162859612297815	0.9162859612297815	EUR_AFR	adversarial_mindist	88.36288452148438	104.9293441772461	1.06298828125	True	1.0	26.943817544805285	1.2	6033.0	0.0	atac
EUR_AFR__adversarial_mindist__rep3	0.9156686010618595	0.9157920730954439	EUR_AFR	adversarial_mindist	101.38540649414062	103.82488250732422	1.398493766784668	False	0.9998651745988945	27.359824726978562	1.3080000000000003	6018.0	0.13482540110554275	atac
EUR_AFR__ancestry_balanced__rep1	0.9198666502037288	0.9198666502037288	EUR_AFR	ancestry_balanced	102.610916	115.37739	1.8182942	False	1.0	28.548208053691276	1.5335000000000014	6022.0	0.0	atac
EUR_AFR__ancestry_balanced__rep2	0.9209778985059884	0.9209778985059884	EUR_AFR	ancestry_balanced	100.2447	114.76716	1.735401	True	1.0	28.06194530097868	1.537000000000001	6038.0	0.0	atac
EUR_AFR__ancestry_balanced__rep3	0.9199901222373132	0.9201135942708977	EUR_AFR	ancestry_balanced	103.43114	115.73577	1.8474793	False	0.9998658078368223	28.582993827160493	1.4310000000000003	5984.0	0.13419216317767102	atac
EUR_AFR__greedy_maxmean__rep1	0.9244351154463514	0.9244351154463514	EUR_AFR	greedy_maxmean	111.754196	125.613	2.1567743	False	1.0	29.925891545345266	1.7730000000000001	5995.0	0.0	atac
EUR_AFR__greedy_maxmean__rep2	0.9183849858007161	0.9183849858007161	EUR_AFR	greedy_maxmean	109.128365	124.636955	2.0566115	False	1.0	30.017714439365424	1.7655000000000007	6012.0	0.0	atac
EUR_AFR__greedy_maxmean__rep3	0.9256698357821953	0.9256698357821953	EUR_AFR	greedy_maxmean	110.054535	125.45805	2.0916684	False	1.0	29.85771641990129	1.6880000000000002	5982.0	0.0	atac
EUR_AFR__greedy_maxmin__rep1	0.9198666502037288	0.9199901222373132	EUR_AFR	greedy_maxmin	114.328476	122.84393	2.257282	False	0.9998657898268689	29.622637229902026	1.6949999999999998	6000.0	0.13421017313108852	atac
EUR_AFR__greedy_maxmin__rep2	0.9201135942708977	0.9201135942708977	EUR_AFR	greedy_maxmin	113.52533	123.48061	2.2256787	True	1.0	29.920622651637146	1.55	6022.5	0.0	atac
EUR_AFR__greedy_maxmin__rep3	0.9193727620693913	0.9193727620693913	EUR_AFR	greedy_maxmin	114.82596	123.18687	2.2769692	False	1.0	29.99202390545259	1.8125	6002.0	0.0	atac
EUR_AFR__random__rep1	0.9209778985059884	0.9209778985059884	EUR_AFR	random	98.35649	112.82521	1.6706406	False	1.0	29.22114090360638	1.5990000000000004	5977.0	0.0	atac
EUR_AFR__random__rep2	0.9214717866403259	0.9214717866403259	EUR_AFR	random	104.647026	115.491035	1.8911709	True	1.0	28.137156639421146	1.4410000000000003	6015.0	0.0	atac
EUR_AFR__random__rep3	0.9220891468082479	0.9220891468082479	EUR_AFR	random	101.15335	115.97546	1.7670039	True	1.0	29.0764796464917	1.48	5962.0	0.0	atac
EUR_EAS__ancestry_balanced__rep1	0.917397209532041	0.9175206815656254	EUR_EAS	ancestry_balanced	97.36529	110.09422	1.6371381	False	0.9998654286098776	26.153341407616743	1.1549999999999998	6032.0	0.1345713901224066	atac
EUR_EAS__ancestry_balanced__rep2	0.9176441535992098	0.9176441535992098	EUR_EAS	ancestry_balanced	98.44795	109.95892	1.6737492	False	1.0	26.23921824542519	1.39	6014.5	0.0	atac
EUR_EAS__greedy_maxmean__rep1	0.9182615137671317	0.9182615137671317	EUR_EAS	greedy_maxmean	107.912	119.48134	2.0110204	False	1.0	26.95439424499126	1.3080000000000003	6050.0	0.0	atac
EUR_EAS__greedy_maxmean__rep2	0.9193727620693913	0.9193727620693913	EUR_EAS	greedy_maxmean	103.39729	118.65934	1.8462703	False	1.0	27.11906124093473	1.1	6006.5	0.0	atac
EUR_EAS__greedy_maxmean__rep3	0.9169033213977035	0.9169033213977035	EUR_EAS	greedy_maxmean	104.88565	118.9071	1.8998057	True	1.0	26.53025181793698	1.2725	6005.0	0.0	atac
EUR_EAS__greedy_maxmin__rep1	0.9182615137671317	0.9182615137671317	EUR_EAS	greedy_maxmin	110.63905	116.75554	2.113946	False	1.0	27.459888395858545	1.35	6036.0	0.0	atac
EUR_EAS__greedy_maxmin__rep2	0.9188788739350537	0.9188788739350537	EUR_EAS	greedy_maxmin	109.49429	113.50211	2.0704272	False	1.0	27.034254232733137	1.38	6049.5	0.0	atac
EUR_EAS__greedy_maxmin__rep3	0.9143104086924312	0.9143104086924312	EUR_EAS	greedy_maxmin	111.754196	115.529655	2.1567743	True	1.0	27.11764618501013	1.4	5992.0	0.0	atac
EUR_EAS__random__rep1	0.9155451290282751	0.9155451290282751	EUR_EAS	random	99.50377	109.29115	1.7098422	False	1.0	26.07346594740391	1.32	6009.0	0.0	atac
EUR_EAS__random__rep2	0.9187554019014693	0.9188788739350537	EUR_EAS	random	93.28451	108.98568	1.5027822	False	0.999865627519484	26.078546089760817	1.2210000000000003	6010.0	0.13437248051595407	atac
EUR_EAS__random__rep3	0.9212248425731572	0.9212248425731572	EUR_EAS	random	100.76209	110.09599	1.7533611	False	1.0	25.508829915560916	1.24	6015.0	0.0	atac
EUR_only__adversarial_family__rep1	0.9082602790467958	0.9086306951475491	EUR_only	adversarial_family	74.20242309570312	101.90351104736328	0.7649052739143372	False	0.9995923359152059	18.106426144856638	0.52	6037.0	0.40766408479409044	atac
EUR_only__adversarial_family__rep2	0.9103593036177305	0.910482775651315	EUR_only	adversarial_family	75.80896759033203	101.97260284423828	0.8036584258079529	False	0.9998643883916464	18.153740168158393	0.3065000000000003	6031.5	0.13561160835362518	atac
EUR_only__adversarial_family__rep3	0.9034448697370046	0.903568341770589	EUR_only	adversarial_family	74.65252685546875	102.5333023071289	0.782111644744873	False	0.999863350642252	18.368111505875923	0.43	6010.0	0.1366493577480421	atac
EUR_only__adversarial_mindist__rep1	0.9169033213977035	0.9169033213977035	EUR_only	adversarial_mindist	96.70574188232422	99.81437683105467	1.262070655822754	False	1.0	25.34717748451387	1.0425	6010.0	0.0	atac
EUR_only__adversarial_mindist__rep2	0.9159155451290283	0.916162489196197	EUR_only	adversarial_mindist	95.7757797241211	99.21085357666016	1.2756993770599363	False	0.9997304582210242	24.717893530997305	0.77	6020.0	0.26954177897575704	atac
EUR_only__adversarial_mindist__rep3	0.9155451290282751	0.9155451290282751	EUR_only	adversarial_mindist	96.51942443847656	100.10308074951172	1.323296070098877	True	1.0	25.788122724207685	1.15	6014.0	0.0	atac
EUR_only__greedy_maxkl__rep1	0.9150512408939375	0.9150512408939375	EUR_only	greedy_maxkl	109.31148529052734	112.7927017211914	1.6305500268936155	False	1.0	25.617304007556335	1.025	6031.0	0.0	atac
EUR_only__greedy_maxkl__rep2	0.9129522163230028	0.9129522163230028	EUR_only	greedy_maxkl	109.9408950805664	113.56157684326172	1.6378905773162842	False	1.0	25.306125236678387	0.7895000000000011	6032.0	0.0	atac
EUR_only__greedy_maxkl__rep3	0.9122113841214965	0.9122113841214965	EUR_only	greedy_maxkl	110.19074249267578	113.52216339111328	1.605998396873474	False	1.0	25.328345966432053	0.96	6024.0	0.0	atac
EUR_only__greedy_maxmean__rep1	0.9187554019014693	0.9187554019014693	EUR_only	greedy_maxmean	108.64622	114.11996	2.0384786	False	1.0	26.41895712941809	1.24	6027.0	0.0	atac
EUR_only__greedy_maxmean__rep2	0.9162859612297815	0.9162859612297815	EUR_only	greedy_maxmean	106.0943	113.955765	1.9438425	True	1.0	26.442948389704892	1.24	6034.0	0.0	atac
EUR_only__greedy_maxmean__rep3	0.916779849364119	0.916779849364119	EUR_only	greedy_maxmean	108.04166	113.97461	2.0158558	False	1.0	26.644453872053873	1.17	6026.0	0.0	atac
EUR_only__greedy_maxmin__rep1	0.9160390171626127	0.9160390171626127	EUR_only	greedy_maxmin	109.311485	112.7927	2.0635195	False	1.0	26.344065237902683	1.21	6021.0	0.0	atac
EUR_only__greedy_maxmin__rep2	0.9119644400543276	0.9120879120879121	EUR_only	greedy_maxmin	109.940895	113.56158	2.0873513	True	0.9998646270475159	26.45265872478679	1.0830000000000002	6016.0	0.13537295248411407	atac
EUR_only__greedy_maxmin__rep3	0.9162859612297815	0.9162859612297815	EUR_only	greedy_maxmin	110.19074	113.52216	2.0968492	False	1.0	26.349285810537662	1.1	6030.0	0.0	atac
EUR_only__random__rep1	0.9140634646252623	0.9140634646252623	EUR_only	random	101.336075	106.89171	1.7733938	False	1.0	25.72801296771579	1.15	6015.0	0.0	atac
EUR_only__random__rep2	0.9183849858007161	0.9183849858007161	EUR_only	random	100.68764	105.131065	1.7507707	False	1.0	26.062726539392308	1.1885000000000001	6031.0	0.0	atac
EUR_only__random__rep3	0.9156686010618595	0.9156686010618595	EUR_only	random	98.45303	104.22318	1.6739218	False	1.0	25.482245145631065	1.1724999999999999	6009.5	0.0	atac
SAS_only__adversarial_mindist__rep1	0.9164094332633659	0.9164094332633659	SAS_only	adversarial_mindist	99.09591674804688	102.48577117919922	1.346333146095276	True	1.0	26.962041228779302	1.2905000000000002	6027.5	0.0	atac
SAS_only__adversarial_mindist__rep2	0.915174712927522	0.9152981849611063	SAS_only	adversarial_mindist	99.48869323730467	101.62850189208984	1.3709405660629272	False	0.9998651018481047	26.495993524888707	1.26	6027.0	0.13489815189526855	atac
SAS_only__adversarial_mindist__rep3	0.9159155451290283	0.9160390171626127	SAS_only	adversarial_mindist	99.79979705810548	102.68324279785156	1.381873369216919	True	0.9998652109448712	26.63420946219167	1.2290000000000003	6035.0	0.13478905512875894	atac
SAS_only__greedy_maxkl__rep1	0.9172737374984566	0.9172737374984566	SAS_only	greedy_maxkl	114.44212341308594	123.1100082397461	1.7993216514587402	False	1.0	26.537612060842644	1.31	6022.0	0.0	atac
SAS_only__greedy_maxkl__rep2	0.9191258180022225	0.9192492900358069	SAS_only	greedy_maxkl	113.37989044189452	121.6469268798828	1.6850566864013672	True	0.9998656816655473	26.2867844190732	1.0220000000000005	6020.0	0.1343183344526544	atac
SAS_only__greedy_maxkl__rep3	0.9124583281886652	0.9124583281886652	SAS_only	greedy_maxkl	113.19893646240234	121.54801177978516	1.697551965713501	True	1.0	26.796970230040593	1.3145000000000004	6027.0	0.0	atac
SAS_only__greedy_maxmean__rep1	0.9135695764909249	0.9135695764909249	SAS_only	greedy_maxmean	113.26959	123.90059	2.2156625	False	1.0	27.872147587511826	1.2390000000000003	6017.0	0.0	atac
SAS_only__greedy_maxmean__rep2	0.916779849364119	0.9169033213977035	SAS_only	greedy_maxmean	111.04504	124.18232	2.1294885	True	0.9998653380016159	28.27974414220307	1.2825	6026.5	0.134661998384078	atac
SAS_only__greedy_maxmean__rep3	0.9171502654648722	0.9172737374984566	SAS_only	greedy_maxmean	111.78998	123.88989	2.1581557	True	0.9998653923812088	28.231379728092612	1.4	6008.0	0.13460761879124927	atac
SAS_only__greedy_maxmin__rep1	0.9172737374984566	0.9172737374984566	SAS_only	greedy_maxmin	114.44212	123.11001	2.261772	False	1.0	27.126902678691614	1.27	6028.0	0.0	atac
SAS_only__greedy_maxmin__rep2	0.9171502654648722	0.9172737374984566	SAS_only	greedy_maxmin	113.37989	121.64693	2.21998	False	0.9998653923812088	28.065125858123572	1.1240000000000003	6013.0	0.13460761879124927	atac
SAS_only__greedy_maxmin__rep3	0.9140634646252623	0.9140634646252623	SAS_only	greedy_maxmin	113.19894	121.54801	2.2128997	False	1.0	28.057592867756313	1.3510000000000004	6028.0	0.0	atac
SAS_only__random__rep1	0.9183849858007161	0.9183849858007161	SAS_only	random	104.3312	108.39236	1.879773	False	1.0	26.870457112126914	1.3185000000000002	6012.5	0.0	atac
SAS_only__random__rep2	0.9143104086924312	0.9143104086924312	SAS_only	random	100.48383	106.14516	1.7436903	False	1.0	26.212723835246454	1.11	6013.0	0.0	atac
SAS_only__random__rep3	0.9183849858007161	0.9185084578343006	SAS_only	random	103.06309	106.47886	1.8343545	False	0.9998655733297486	27.39058206748219	1.1690000000000003	6016.0	0.13442667025143074	atac
all_3_major__ancestry_balanced__rep1	0.9219656747746635	0.9220891468082479	all_3_major	ancestry_balanced	99.46356	117.08857	1.7084607	False	0.9998660953401178	29.2861395286556	1.94	6014.0	0.13390465988216693	atac
all_3_major__ancestry_balanced__rep2	0.9232003951105074	0.9232003951105074	all_3_major	ancestry_balanced	95.77578	117.84472	1.5841211	True	1.0	28.95693058713388	1.66	5998.0	0.0	atac
all_3_major__greedy_maxmean__rep1	0.9233238671440919	0.9233238671440919	all_3_major	greedy_maxmean	109.15585	127.40916	2.057648	False	1.0	30.44600026745119	1.9	5996.5	0.0	atac
all_3_major__greedy_maxmean__rep2	0.916779849364119	0.916779849364119	all_3_major	greedy_maxmean	109.15585	127.56688	2.057648	True	1.0	30.476579124579125	1.8820000000000003	5987.0	0.0	atac
all_3_major__greedy_maxmean__rep3	0.9193727620693913	0.9193727620693913	all_3_major	greedy_maxmean	104.78072	126.78043	1.8960065	True	1.0	30.362805533172175	1.6025	5999.0	0.0	atac
all_3_major__greedy_maxmin__rep1	0.9234473391776763	0.9234473391776763	all_3_major	greedy_maxmin	113.63978	124.889465	2.2301688	False	1.0	30.441756919374246	1.69	5980.0	0.0	atac
all_3_major__greedy_maxmin__rep2	0.9204840103716508	0.9206074824052353	all_3_major	greedy_maxmin	115.41231	123.96844	2.3002825	False	0.9998658798283262	30.82749597639485	1.755	5973.5	0.13412017167380164	atac
all_3_major__greedy_maxmin__rep3	0.9229534510433387	0.9229534510433387	all_3_major	greedy_maxmin	115.16944	123.1001	2.2906117	False	1.0	30.757820735785952	1.79	5988.0	0.0	atac
all_3_major__random__rep1	0.9196197061365601	0.9196197061365601	all_3_major	random	101.61693	115.1162	1.7832371	False	1.0	30.21048603651987	1.7735000000000003	5991.0	0.0	atac
all_3_major__random__rep2	0.9177676256327941	0.9178910976663786	all_3_major	random	104.96666	116.553856	1.9027414	True	0.9998654829163304	28.619126984126982	1.79	5991.0	0.13451708366962745	atac
all_3_major__random__rep3	0.9193727620693913	0.9193727620693913	all_3_major	random	90.6587	114.803894	1.4193711	False	1.0	29.865925329035722	1.85	5998.5	0.0	atac
all_5__ancestry_balanced__rep1	0.916162489196197	0.916162489196197	all_5	ancestry_balanced	108.20813	116.167114	2.0220728	False	1.0	30.0526846361186	1.5495000000000005	6012.0	0.0	atac
all_5__ancestry_balanced__rep2	0.9256698357821953	0.9256698357821953	all_5	ancestry_balanced	102.38652	113.70307	1.8103502	False	1.0	28.8340656262505	1.6480000000000001	5986.0	0.0	atac
all_5__ancestry_balanced__rep3	0.9215952586739103	0.9215952586739103	all_5	ancestry_balanced	98.90399	115.023	1.6892918	True	1.0	30.40195203644159	1.56	6039.0	0.0	atac
all_5__greedy_maxmean__rep1	0.9214717866403259	0.9214717866403259	all_5	greedy_maxmean	116.47746	130.41243	2.3429382	False	1.0	30.793166287015943	1.8510000000000004	5974.0	0.0	atac
all_5__greedy_maxmean__rep2	0.9192492900358069	0.9192492900358069	all_5	greedy_maxmean	119.23506	131.3716	2.455189	True	1.0	30.536648757555408	1.9940000000000009	6004.0	0.0	atac
all_5__greedy_maxmean__rep3	0.9211013705395728	0.9213483146067416	all_5	greedy_maxmean	119.995834	131.3383	2.4866195	True	0.9997319753417314	30.634246850710266	1.8005000000000002	5973.5	0.2680246582685841	atac
all_5__greedy_maxmin__rep1	0.9244351154463514	0.9244351154463514	all_5	greedy_maxmin	118.321594	128.70529	2.4177144	False	1.0	30.920205689862428	1.7	5980.0	0.0	atac
all_5__greedy_maxmin__rep2	0.9220891468082479	0.9220891468082479	all_5	greedy_maxmin	120.83046	131.23457	2.5213308	True	1.0	30.66155463310123	1.8135000000000003	5991.5	0.0	atac
all_5__greedy_maxmin__rep3	0.9206074824052353	0.9206074824052353	all_5	greedy_maxmin	120.84701	129.29747	2.5220218	True	1.0	30.918296673819743	1.82	5997.0	0.0	atac
all_5__random__rep1	0.9223360908754167	0.9223360908754167	all_5	random	100.12492	111.40792	1.7312565	False	1.0	28.216236947791167	1.31	6016.0	0.0	atac
all_5__random__rep2	0.9198666502037288	0.9198666502037288	all_5	random	101.76935	117.17542	1.7885907	True	1.0	28.192546308724832	1.31	6022.0	0.0	atac
all_5__random__rep3	0.9164094332633659	0.9164094332633659	all_5	random	98.84331	112.77852	1.6872194	True	1.0	27.93666127728375	1.2605000000000002	6006.0	0.0	atac
